data_type,value,date,week_number_year,month_year
se_all,40,01-01-2019,00 2019,January 2019
se_all,68,02-01-2019,00 2019,January 2019
se_all,117,03-01-2019,00 2019,January 2019
se_all,105,04-01-2019,00 2019,January 2019
se_all,70,05-01-2019,00 2019,January 2019
se_all,77,06-01-2019,00 2019,January 2019
se_all,61,07-01-2019,01 2019,January 2019
se_all,77,08-01-2019,01 2019,January 2019
se_all,96,09-01-2019,01 2019,January 2019
se_all,96,10-01-2019,01 2019,January 2019
se_all,89,11-01-2019,01 2019,January 2019
se_all,70,12-01-2019,01 2019,January 2019
se_all,66,13-01-2019,01 2019,January 2019
se_all,94,14-01-2019,02 2019,January 2019
se_all,110,15-01-2019,02 2019,January 2019
se_all,100,16-01-2019,02 2019,January 2019
se_all,84,17-01-2019,02 2019,January 2019
se_all,79,18-01-2019,02 2019,January 2019
se_all,62,19-01-2019,02 2019,January 2019
se_all,63,20-01-2019,02 2019,January 2019
se_all,52,21-01-2019,03 2019,January 2019
se_all,115,22-01-2019,03 2019,January 2019
se_all,94,23-01-2019,03 2019,January 2019
se_all,101,24-01-2019,03 2019,January 2019
se_all,85,25-01-2019,03 2019,January 2019
se_all,68,26-01-2019,03 2019,January 2019
se_all,89,27-01-2019,03 2019,January 2019
se_all,113,28-01-2019,04 2019,January 2019
se_all,100,29-01-2019,04 2019,January 2019
se_all,105,30-01-2019,04 2019,January 2019
se_all,98,31-01-2019,04 2019,January 2019
se_all,90,01-02-2019,04 2019,February 2019
se_all,74,02-02-2019,04 2019,February 2019
se_all,62,03-02-2019,04 2019,February 2019
se_all,91,04-02-2019,05 2019,February 2019
se_all,91,05-02-2019,05 2019,February 2019
se_all,73,06-02-2019,05 2019,February 2019
se_all,73,07-02-2019,05 2019,February 2019
se_all,105,08-02-2019,05 2019,February 2019
se_all,78,09-02-2019,05 2019,February 2019
se_all,104,10-02-2019,05 2019,February 2019
se_all,104,11-02-2019,06 2019,February 2019
se_all,97,12-02-2019,06 2019,February 2019
se_all,55,13-02-2019,06 2019,February 2019
se_all,80,14-02-2019,06 2019,February 2019
se_all,64,15-02-2019,06 2019,February 2019
se_all,63,16-02-2019,06 2019,February 2019
se_all,80,17-02-2019,06 2019,February 2019
se_all,114,18-02-2019,07 2019,February 2019
se_all,89,19-02-2019,07 2019,February 2019
se_all,123,20-02-2019,07 2019,February 2019
se_all,144,21-02-2019,07 2019,February 2019
se_all,66,22-02-2019,07 2019,February 2019
se_all,22,23-02-2019,07 2019,February 2019
se_all,42,24-02-2019,07 2019,February 2019
se_all,52,25-02-2019,08 2019,February 2019
se_all,69,26-02-2019,08 2019,February 2019
se_all,68,27-02-2019,08 2019,February 2019
se_all,89,28-02-2019,08 2019,February 2019
se_all,52,01-03-2019,08 2019,March 2019
se_all,72,02-03-2019,08 2019,March 2019
se_all,62,03-03-2019,08 2019,March 2019
se_all,100,04-03-2019,09 2019,March 2019
se_all,82,05-03-2019,09 2019,March 2019
se_all,89,06-03-2019,09 2019,March 2019
se_all,71,07-03-2019,09 2019,March 2019
se_all,57,08-03-2019,09 2019,March 2019
se_all,74,09-03-2019,09 2019,March 2019
se_all,78,10-03-2019,09 2019,March 2019
se_all,57,11-03-2019,10 2019,March 2019
se_all,82,12-03-2019,10 2019,March 2019
se_all,110,13-03-2019,10 2019,March 2019
se_all,68,14-03-2019,10 2019,March 2019
se_all,64,15-03-2019,10 2019,March 2019
se_all,60,16-03-2019,10 2019,March 2019
se_all,87,17-03-2019,10 2019,March 2019
se_all,104,18-03-2019,11 2019,March 2019
se_all,84,19-03-2019,11 2019,March 2019
se_all,99,20-03-2019,11 2019,March 2019
se_all,110,21-03-2019,11 2019,March 2019
se_all,77,22-03-2019,11 2019,March 2019
se_all,93,23-03-2019,11 2019,March 2019
se_all,117,24-03-2019,11 2019,March 2019
se_all,120,25-03-2019,12 2019,March 2019
se_all,137,26-03-2019,12 2019,March 2019
se_all,125,27-03-2019,12 2019,March 2019
se_all,128,28-03-2019,12 2019,March 2019
se_all,101,29-03-2019,12 2019,March 2019
se_all,93,30-03-2019,12 2019,March 2019
se_all,128,31-03-2019,12 2019,March 2019
se_all,147,01-04-2019,13 2019,April 2019
se_all,166,02-04-2019,13 2019,April 2019
se_all,158,03-04-2019,13 2019,April 2019
se_all,138,04-04-2019,13 2019,April 2019
se_all,106,05-04-2019,13 2019,April 2019
se_all,154,06-04-2019,13 2019,April 2019
se_all,174,07-04-2019,13 2019,April 2019
se_all,224,08-04-2019,14 2019,April 2019
se_all,157,09-04-2019,14 2019,April 2019
se_all,82,10-04-2019,14 2019,April 2019
se_all,129,11-04-2019,14 2019,April 2019
se_all,142,12-04-2019,14 2019,April 2019
se_all,136,13-04-2019,14 2019,April 2019
se_all,145,14-04-2019,14 2019,April 2019
se_all,126,15-04-2019,15 2019,April 2019
se_all,147,16-04-2019,15 2019,April 2019
se_all,119,17-04-2019,15 2019,April 2019
se_all,94,18-04-2019,15 2019,April 2019
se_all,84,19-04-2019,15 2019,April 2019
se_all,85,20-04-2019,15 2019,April 2019
se_all,84,21-04-2019,15 2019,April 2019
se_all,87,22-04-2019,16 2019,April 2019
se_all,100,23-04-2019,16 2019,April 2019
se_all,85,24-04-2019,16 2019,April 2019
se_all,61,25-04-2019,16 2019,April 2019
se_all,70,26-04-2019,16 2019,April 2019
se_all,59,27-04-2019,16 2019,April 2019
se_all,72,28-04-2019,16 2019,April 2019
se_all,84,29-04-2019,17 2019,April 2019
se_all,60,30-04-2019,17 2019,April 2019
se_all,45,01-05-2019,17 2019,May 2019
se_all,76,02-05-2019,17 2019,May 2019
se_all,73,03-05-2019,17 2019,May 2019
se_all,55,04-05-2019,17 2019,May 2019
se_all,56,05-05-2019,17 2019,May 2019
se_all,54,06-05-2019,18 2019,May 2019
se_all,67,07-05-2019,18 2019,May 2019
se_all,62,08-05-2019,18 2019,May 2019
se_all,37,09-05-2019,18 2019,May 2019
se_all,48,10-05-2019,18 2019,May 2019
se_all,51,11-05-2019,18 2019,May 2019
se_all,72,12-05-2019,18 2019,May 2019
se_all,82,13-05-2019,19 2019,May 2019
se_all,68,14-05-2019,19 2019,May 2019
se_all,65,15-05-2019,19 2019,May 2019
se_all,82,16-05-2019,19 2019,May 2019
se_all,85,17-05-2019,19 2019,May 2019
se_all,68,18-05-2019,19 2019,May 2019
se_all,71,19-05-2019,19 2019,May 2019
se_all,85,20-05-2019,20 2019,May 2019
se_all,82,21-05-2019,20 2019,May 2019
se_all,72,22-05-2019,20 2019,May 2019
se_all,61,23-05-2019,20 2019,May 2019
se_all,53,24-05-2019,20 2019,May 2019
se_all,57,25-05-2019,20 2019,May 2019
se_all,77,26-05-2019,20 2019,May 2019
se_all,74,27-05-2019,21 2019,May 2019
se_all,81,28-05-2019,21 2019,May 2019
se_all,59,29-05-2019,21 2019,May 2019
se_all,59,30-05-2019,21 2019,May 2019
se_all,75,31-05-2019,21 2019,May 2019
se_all,48,01-06-2019,21 2019,June 2019
se_all,56,02-06-2019,21 2019,June 2019
se_all,80,03-06-2019,22 2019,June 2019
se_all,64,04-06-2019,22 2019,June 2019
se_all,72,05-06-2019,22 2019,June 2019
se_all,70,06-06-2019,22 2019,June 2019
se_all,53,07-06-2019,22 2019,June 2019
se_all,41,08-06-2019,22 2019,June 2019
se_all,41,09-06-2019,22 2019,June 2019
se_all,81,10-06-2019,23 2019,June 2019
se_all,65,11-06-2019,23 2019,June 2019
se_all,77,12-06-2019,23 2019,June 2019
se_all,76,13-06-2019,23 2019,June 2019
se_all,60,14-06-2019,23 2019,June 2019
se_all,61,15-06-2019,23 2019,June 2019
se_all,58,16-06-2019,23 2019,June 2019
se_all,64,17-06-2019,24 2019,June 2019
se_all,44,18-06-2019,24 2019,June 2019
se_all,35,19-06-2019,24 2019,June 2019
se_all,52,20-06-2019,24 2019,June 2019
se_all,47,21-06-2019,24 2019,June 2019
se_all,61,22-06-2019,24 2019,June 2019
se_all,42,23-06-2019,24 2019,June 2019
se_all,79,24-06-2019,25 2019,June 2019
se_all,87,25-06-2019,25 2019,June 2019
se_all,83,26-06-2019,25 2019,June 2019
se_all,75,27-06-2019,25 2019,June 2019
se_all,69,28-06-2019,25 2019,June 2019
se_all,64,29-06-2019,25 2019,June 2019
se_all,72,30-06-2019,25 2019,June 2019
se_all,81,01-07-2019,26 2019,July 2019
se_all,80,02-07-2019,26 2019,July 2019
se_all,78,03-07-2019,26 2019,July 2019
se_all,85,04-07-2019,26 2019,July 2019
se_all,78,05-07-2019,26 2019,July 2019
se_all,74,06-07-2019,26 2019,July 2019
se_all,69,07-07-2019,26 2019,July 2019
se_all,125,08-07-2019,27 2019,July 2019
se_all,111,09-07-2019,27 2019,July 2019
se_all,138,10-07-2019,27 2019,July 2019
se_all,123,11-07-2019,27 2019,July 2019
se_all,127,12-07-2019,27 2019,July 2019
se_all,83,13-07-2019,27 2019,July 2019
se_all,96,14-07-2019,27 2019,July 2019
se_all,122,15-07-2019,28 2019,July 2019
se_all,128,16-07-2019,28 2019,July 2019
se_all,135,17-07-2019,28 2019,July 2019
se_all,126,18-07-2019,28 2019,July 2019
se_all,86,19-07-2019,28 2019,July 2019
se_all,86,20-07-2019,28 2019,July 2019
se_all,114,21-07-2019,28 2019,July 2019
se_all,151,22-07-2019,29 2019,July 2019
se_all,138,23-07-2019,29 2019,July 2019
se_all,143,24-07-2019,29 2019,July 2019
se_all,108,25-07-2019,29 2019,July 2019
se_all,120,26-07-2019,29 2019,July 2019
se_all,100,27-07-2019,29 2019,July 2019
se_all,106,28-07-2019,29 2019,July 2019
se_all,141,29-07-2019,30 2019,July 2019
se_all,135,30-07-2019,30 2019,July 2019
se_all,171,31-07-2019,30 2019,July 2019
se_all,134,01-08-2019,30 2019,August 2019
se_all,125,02-08-2019,30 2019,August 2019
se_all,90,03-08-2019,30 2019,August 2019
se_all,114,04-08-2019,30 2019,August 2019
se_all,162,05-08-2019,31 2019,August 2019
se_all,167,06-08-2019,31 2019,August 2019
se_all,120,07-08-2019,31 2019,August 2019
se_all,149,08-08-2019,31 2019,August 2019
se_all,140,09-08-2019,31 2019,August 2019
se_all,107,10-08-2019,31 2019,August 2019
se_all,120,11-08-2019,31 2019,August 2019
se_all,182,12-08-2019,32 2019,August 2019
se_all,166,13-08-2019,32 2019,August 2019
se_all,129,14-08-2019,32 2019,August 2019
se_all,126,15-08-2019,32 2019,August 2019
se_all,117,16-08-2019,32 2019,August 2019
se_all,100,17-08-2019,32 2019,August 2019
se_all,123,18-08-2019,32 2019,August 2019
se_all,163,19-08-2019,33 2019,August 2019
se_all,165,20-08-2019,33 2019,August 2019
se_all,159,21-08-2019,33 2019,August 2019
se_all,157,22-08-2019,33 2019,August 2019
se_all,163,23-08-2019,33 2019,August 2019
se_all,119,24-08-2019,33 2019,August 2019
se_all,131,25-08-2019,33 2019,August 2019
se_all,175,26-08-2019,34 2019,August 2019
se_all,210,27-08-2019,34 2019,August 2019
se_all,167,28-08-2019,34 2019,August 2019
se_all,193,29-08-2019,34 2019,August 2019
se_all,118,30-08-2019,34 2019,August 2019
se_all,108,31-08-2019,34 2019,August 2019
se_all,149,01-09-2019,34 2019,September 2019
se_all,200,02-09-2019,35 2019,September 2019
se_all,221,03-09-2019,35 2019,September 2019
se_all,227,04-09-2019,35 2019,September 2019
se_all,244,05-09-2019,35 2019,September 2019
se_all,227,06-09-2019,35 2019,September 2019
se_all,189,07-09-2019,35 2019,September 2019
se_all,213,08-09-2019,35 2019,September 2019
se_all,318,09-09-2019,36 2019,September 2019
se_all,259,10-09-2019,36 2019,September 2019
se_all,272,11-09-2019,36 2019,September 2019
se_all,299,12-09-2019,36 2019,September 2019
se_all,249,13-09-2019,36 2019,September 2019
se_all,241,14-09-2019,36 2019,September 2019
se_all,287,15-09-2019,36 2019,September 2019
se_all,332,16-09-2019,37 2019,September 2019
se_all,322,17-09-2019,37 2019,September 2019
se_all,333,18-09-2019,37 2019,September 2019
se_all,367,19-09-2019,37 2019,September 2019
se_all,317,20-09-2019,37 2019,September 2019
se_all,270,21-09-2019,37 2019,September 2019
se_all,320,22-09-2019,37 2019,September 2019
se_all,464,23-09-2019,38 2019,September 2019
se_all,465,24-09-2019,38 2019,September 2019
se_all,453,25-09-2019,38 2019,September 2019
se_all,434,26-09-2019,38 2019,September 2019
se_all,398,27-09-2019,38 2019,September 2019
se_all,343,28-09-2019,38 2019,September 2019
se_all,439,29-09-2019,38 2019,September 2019
se_all,527,30-09-2019,39 2019,September 2019
se_all,614,01-10-2019,39 2019,October 2019
se_all,576,02-10-2019,39 2019,October 2019
se_all,552,03-10-2019,39 2019,October 2019
se_all,467,04-10-2019,39 2019,October 2019
se_all,379,05-10-2019,39 2019,October 2019
se_all,556,06-10-2019,39 2019,October 2019
se_all,691,07-10-2019,40 2019,October 2019
se_all,637,08-10-2019,40 2019,October 2019
se_all,582,09-10-2019,40 2019,October 2019
se_all,538,10-10-2019,40 2019,October 2019
se_all,452,11-10-2019,40 2019,October 2019
se_all,458,12-10-2019,40 2019,October 2019
se_all,452,13-10-2019,40 2019,October 2019
se_all,547,14-10-2019,41 2019,October 2019
se_all,441,15-10-2019,41 2019,October 2019
se_all,436,16-10-2019,41 2019,October 2019
se_all,420,17-10-2019,41 2019,October 2019
se_all,446,18-10-2019,41 2019,October 2019
se_all,402,19-10-2019,41 2019,October 2019
se_all,407,20-10-2019,41 2019,October 2019
se_all,566,21-10-2019,42 2019,October 2019
se_all,511,22-10-2019,42 2019,October 2019
se_all,497,23-10-2019,42 2019,October 2019
se_all,534,24-10-2019,42 2019,October 2019
se_all,496,25-10-2019,42 2019,October 2019
se_all,511,26-10-2019,42 2019,October 2019
se_all,565,27-10-2019,42 2019,October 2019
se_all,847,28-10-2019,43 2019,October 2019
se_all,872,29-10-2019,43 2019,October 2019
se_all,981,30-10-2019,43 2019,October 2019
se_all,802,31-10-2019,43 2019,October 2019
se_all,692,01-11-2019,43 2019,November 2019
se_all,632,02-11-2019,43 2019,November 2019
se_all,575,03-11-2019,43 2019,November 2019
se_all,533,04-11-2019,44 2019,November 2019
se_all,587,05-11-2019,44 2019,November 2019
se_all,527,06-11-2019,44 2019,November 2019
se_all,427,07-11-2019,44 2019,November 2019
se_all,398,08-11-2019,44 2019,November 2019
se_all,360,09-11-2019,44 2019,November 2019
se_all,390,10-11-2019,44 2019,November 2019
se_all,440,11-11-2019,45 2019,November 2019
se_all,412,12-11-2019,45 2019,November 2019
se_all,502,13-11-2019,45 2019,November 2019
se_all,472,14-11-2019,45 2019,November 2019
se_all,383,15-11-2019,45 2019,November 2019
se_all,351,16-11-2019,45 2019,November 2019
se_all,322,17-11-2019,45 2019,November 2019
se_all,387,18-11-2019,46 2019,November 2019
se_all,413,19-11-2019,46 2019,November 2019
se_all,431,20-11-2019,46 2019,November 2019
se_all,393,21-11-2019,46 2019,November 2019
se_all,323,22-11-2019,46 2019,November 2019
se_all,333,23-11-2019,46 2019,November 2019
se_all,296,24-11-2019,46 2019,November 2019
se_all,391,25-11-2019,47 2019,November 2019
se_all,389,26-11-2019,47 2019,November 2019
se_all,358,27-11-2019,47 2019,November 2019
se_all,415,28-11-2019,47 2019,November 2019
se_all,352,29-11-2019,47 2019,November 2019
se_all,319,30-11-2019,47 2019,November 2019
se_all,339,01-12-2019,47 2019,December 2019
se_all,451,02-12-2019,48 2019,December 2019
se_all,501,03-12-2019,48 2019,December 2019
se_all,468,04-12-2019,48 2019,December 2019
se_all,391,05-12-2019,48 2019,December 2019
se_all,378,06-12-2019,48 2019,December 2019
se_all,250,07-12-2019,48 2019,December 2019
se_all,294,08-12-2019,48 2019,December 2019
se_all,333,09-12-2019,49 2019,December 2019
se_all,302,10-12-2019,49 2019,December 2019
se_all,299,11-12-2019,49 2019,December 2019
se_all,259,12-12-2019,49 2019,December 2019
se_all,275,13-12-2019,49 2019,December 2019
se_all,240,14-12-2019,49 2019,December 2019
se_all,256,15-12-2019,49 2019,December 2019
se_all,331,16-12-2019,50 2019,December 2019
se_all,310,17-12-2019,50 2019,December 2019
se_all,288,18-12-2019,50 2019,December 2019
se_all,272,19-12-2019,50 2019,December 2019
se_all,256,20-12-2019,50 2019,December 2019
se_all,273,21-12-2019,50 2019,December 2019
se_all,246,22-12-2019,50 2019,December 2019
se_all,282,23-12-2019,51 2019,December 2019
se_all,285,24-12-2019,51 2019,December 2019
se_all,250,25-12-2019,51 2019,December 2019
se_all,263,26-12-2019,51 2019,December 2019
se_all,257,27-12-2019,51 2019,December 2019
se_all,242,28-12-2019,51 2019,December 2019
se_all,240,29-12-2019,51 2019,December 2019
se_all,217,30-12-2019,52 2019,December 2019
se_all,164,31-12-2019,52 2019,December 2019
se_all,140,01-01-2020,00 2020,January 2020
se_all,229,02-01-2020,00 2020,January 2020
se_all,284,03-01-2020,00 2020,January 2020
se_all,342,04-01-2020,00 2020,January 2020
se_all,245,05-01-2020,00 2020,January 2020
se_all,291,06-01-2020,01 2020,January 2020
se_all,286,07-01-2020,01 2020,January 2020
se_all,317,08-01-2020,01 2020,January 2020
se_all,378,09-01-2020,01 2020,January 2020
se_all,363,10-01-2020,01 2020,January 2020
se_all,286,11-01-2020,01 2020,January 2020
se_all,374,12-01-2020,01 2020,January 2020
se_all,420,13-01-2020,02 2020,January 2020
se_all,354,14-01-2020,02 2020,January 2020
se_all,360,15-01-2020,02 2020,January 2020
se_all,319,16-01-2020,02 2020,January 2020
se_all,317,17-01-2020,02 2020,January 2020
se_all,256,18-01-2020,02 2020,January 2020
se_all,328,19-01-2020,02 2020,January 2020
se_all,399,20-01-2020,03 2020,January 2020
se_all,357,21-01-2020,03 2020,January 2020
se_all,383,22-01-2020,03 2020,January 2020
se_all,375,23-01-2020,03 2020,January 2020
se_all,326,24-01-2020,03 2020,January 2020
se_all,301,25-01-2020,03 2020,January 2020
se_all,354,26-01-2020,03 2020,January 2020
se_all,345,27-01-2020,04 2020,January 2020
se_all,362,28-01-2020,04 2020,January 2020
se_all,296,29-01-2020,04 2020,January 2020
se_all,326,30-01-2020,04 2020,January 2020
se_all,284,31-01-2020,04 2020,January 2020
se_all,271,01-02-2020,04 2020,February 2020
se_all,262,02-02-2020,04 2020,February 2020
se_all,328,03-02-2020,05 2020,February 2020
se_all,345,04-02-2020,05 2020,February 2020
se_all,331,05-02-2020,05 2020,February 2020
se_all,302,06-02-2020,05 2020,February 2020
se_all,265,07-02-2020,05 2020,February 2020
se_all,247,08-02-2020,05 2020,February 2020
se_all,272,09-02-2020,05 2020,February 2020
se_all,293,10-02-2020,06 2020,February 2020
se_all,282,11-02-2020,06 2020,February 2020
se_all,317,12-02-2020,06 2020,February 2020
se_all,318,13-02-2020,06 2020,February 2020
se_all,294,14-02-2020,06 2020,February 2020
se_all,298,15-02-2020,06 2020,February 2020
se_all,361,16-02-2020,06 2020,February 2020
se_all,453,17-02-2020,07 2020,February 2020
se_all,468,18-02-2020,07 2020,February 2020
se_all,406,19-02-2020,07 2020,February 2020
se_all,432,20-02-2020,07 2020,February 2020
se_all,398,21-02-2020,07 2020,February 2020
se_all,374,22-02-2020,07 2020,February 2020
se_all,254,23-02-2020,07 2020,February 2020
se_all,312,24-02-2020,08 2020,February 2020
se_all,413,25-02-2020,08 2020,February 2020
se_all,421,26-02-2020,08 2020,February 2020
se_all,392,27-02-2020,08 2020,February 2020
se_all,353,28-02-2020,08 2020,February 2020
se_all,375,29-02-2020,08 2020,February 2020
se_all,454,01-03-2020,08 2020,March 2020
se_all,643,02-03-2020,09 2020,March 2020
se_all,692,03-03-2020,09 2020,March 2020
se_all,682,04-03-2020,09 2020,March 2020
se_all,670,05-03-2020,09 2020,March 2020
se_all,553,06-03-2020,09 2020,March 2020
se_all,551,07-03-2020,09 2020,March 2020
se_all,479,08-03-2020,09 2020,March 2020
se_all,740,09-03-2020,10 2020,March 2020
se_all,989,10-03-2020,10 2020,March 2020
se_all,961,11-03-2020,10 2020,March 2020
se_all,877,12-03-2020,10 2020,March 2020
se_all,760,13-03-2020,10 2020,March 2020
se_all,708,14-03-2020,10 2020,March 2020
se_all,699,15-03-2020,10 2020,March 2020
se_all,826,16-03-2020,11 2020,March 2020
se_all,714,17-03-2020,11 2020,March 2020
se_all,584,18-03-2020,11 2020,March 2020
se_all,374,19-03-2020,11 2020,March 2020
se_all,349,20-03-2020,11 2020,March 2020
se_all,315,21-03-2020,11 2020,March 2020
se_all,330,22-03-2020,11 2020,March 2020
se_all,427,23-03-2020,12 2020,March 2020
se_all,430,24-03-2020,12 2020,March 2020
se_all,425,25-03-2020,12 2020,March 2020
se_all,341,26-03-2020,12 2020,March 2020
se_all,305,27-03-2020,12 2020,March 2020
se_all,249,28-03-2020,12 2020,March 2020
se_all,299,29-03-2020,12 2020,March 2020
se_all,253,30-03-2020,13 2020,March 2020
se_all,274,31-03-2020,13 2020,March 2020
se_all,221,01-04-2020,13 2020,April 2020
se_all,332,02-04-2020,13 2020,April 2020
se_all,425,03-04-2020,13 2020,April 2020
se_all,520,04-04-2020,13 2020,April 2020
se_all,560,05-04-2020,13 2020,April 2020
se_all,632,06-04-2020,14 2020,April 2020
se_all,673,07-04-2020,14 2020,April 2020
se_all,696,08-04-2020,14 2020,April 2020
se_all,763,09-04-2020,14 2020,April 2020
se_all,728,10-04-2020,14 2020,April 2020
se_all,600,11-04-2020,14 2020,April 2020
se_all,684,12-04-2020,14 2020,April 2020
se_all,749,13-04-2020,15 2020,April 2020
se_all,669,14-04-2020,15 2020,April 2020
se_all,615,15-04-2020,15 2020,April 2020
se_all,560,16-04-2020,15 2020,April 2020
se_all,471,17-04-2020,15 2020,April 2020
se_all,505,18-04-2020,15 2020,April 2020
se_all,453,19-04-2020,15 2020,April 2020
se_all,622,20-04-2020,16 2020,April 2020
se_all,665,21-04-2020,16 2020,April 2020
se_all,615,22-04-2020,16 2020,April 2020
se_all,537,23-04-2020,16 2020,April 2020
se_all,530,24-04-2020,16 2020,April 2020
se_all,475,25-04-2020,16 2020,April 2020
se_all,506,26-04-2020,16 2020,April 2020
se_all,610,27-04-2020,17 2020,April 2020
se_all,543,28-04-2020,17 2020,April 2020
se_all,529,29-04-2020,17 2020,April 2020
se_all,542,30-04-2020,17 2020,April 2020
se_all,461,01-05-2020,17 2020,May 2020
se_all,413,02-05-2020,17 2020,May 2020
se_all,482,03-05-2020,17 2020,May 2020
se_all,518,04-05-2020,18 2020,May 2020
se_all,556,05-05-2020,18 2020,May 2020
se_all,648,06-05-2020,18 2020,May 2020
se_all,572,07-05-2020,18 2020,May 2020
se_all,465,08-05-2020,18 2020,May 2020
se_all,318,09-05-2020,18 2020,May 2020
se_all,453,10-05-2020,18 2020,May 2020
se_all,569,11-05-2020,19 2020,May 2020
se_all,604,12-05-2020,19 2020,May 2020
se_all,588,13-05-2020,19 2020,May 2020
se_all,551,14-05-2020,19 2020,May 2020
se_all,540,15-05-2020,19 2020,May 2020
se_all,440,16-05-2020,19 2020,May 2020
se_all,459,17-05-2020,19 2020,May 2020
se_all,619,18-05-2020,20 2020,May 2020
se_all,571,19-05-2020,20 2020,May 2020
se_all,609,20-05-2020,20 2020,May 2020
se_all,577,21-05-2020,20 2020,May 2020
se_all,544,22-05-2020,20 2020,May 2020
se_all,532,23-05-2020,20 2020,May 2020
se_all,553,24-05-2020,20 2020,May 2020
se_all,700,25-05-2020,21 2020,May 2020
se_all,574,26-05-2020,21 2020,May 2020
se_all,528,27-05-2020,21 2020,May 2020
se_all,504,28-05-2020,21 2020,May 2020
se_all,394,29-05-2020,21 2020,May 2020
se_all,276,30-05-2020,21 2020,May 2020
se_all,438,31-05-2020,21 2020,May 2020
se_all,543,01-06-2020,22 2020,June 2020
se_all,538,02-06-2020,22 2020,June 2020
se_all,495,03-06-2020,22 2020,June 2020
se_all,443,04-06-2020,22 2020,June 2020
se_all,399,05-06-2020,22 2020,June 2020
se_all,324,06-06-2020,22 2020,June 2020
se_all,383,07-06-2020,22 2020,June 2020
se_all,427,08-06-2020,23 2020,June 2020
se_all,406,09-06-2020,23 2020,June 2020
se_all,373,10-06-2020,23 2020,June 2020
se_all,301,11-06-2020,23 2020,June 2020
se_all,271,12-06-2020,23 2020,June 2020
se_all,243,13-06-2020,23 2020,June 2020
se_all,295,14-06-2020,23 2020,June 2020
se_all,363,15-06-2020,24 2020,June 2020
se_all,361,16-06-2020,24 2020,June 2020
se_all,374,17-06-2020,24 2020,June 2020
se_all,355,18-06-2020,24 2020,June 2020
se_all,346,19-06-2020,24 2020,June 2020
se_all,313,20-06-2020,24 2020,June 2020
se_all,316,21-06-2020,24 2020,June 2020
se_all,478,22-06-2020,25 2020,June 2020
se_all,531,23-06-2020,25 2020,June 2020
se_all,440,24-06-2020,25 2020,June 2020
se_all,578,25-06-2020,25 2020,June 2020
se_all,488,26-06-2020,25 2020,June 2020
se_all,437,27-06-2020,25 2020,June 2020
se_all,468,28-06-2020,25 2020,June 2020
se_all,707,29-06-2020,26 2020,June 2020
se_all,628,30-06-2020,26 2020,June 2020
se_all,657,01-07-2020,26 2020,July 2020
se_all,609,02-07-2020,26 2020,July 2020
se_all,474,03-07-2020,26 2020,July 2020
se_all,464,04-07-2020,26 2020,July 2020
se_all,471,05-07-2020,26 2020,July 2020
se_all,618,06-07-2020,27 2020,July 2020
se_all,594,07-07-2020,27 2020,July 2020
se_all,624,08-07-2020,27 2020,July 2020
se_all,560,09-07-2020,27 2020,July 2020
se_all,462,10-07-2020,27 2020,July 2020
se_all,464,11-07-2020,27 2020,July 2020
se_all,469,12-07-2020,27 2020,July 2020
se_all,864,13-07-2020,28 2020,July 2020
se_all,1040,14-07-2020,28 2020,July 2020
se_all,923,15-07-2020,28 2020,July 2020
se_all,985,16-07-2020,28 2020,July 2020
se_all,946,17-07-2020,28 2020,July 2020
se_all,752,18-07-2020,28 2020,July 2020
se_all,822,19-07-2020,28 2020,July 2020
se_all,1146,20-07-2020,29 2020,July 2020
se_all,1165,21-07-2020,29 2020,July 2020
se_all,1094,22-07-2020,29 2020,July 2020
se_all,1094,23-07-2020,29 2020,July 2020
se_all,998,24-07-2020,29 2020,July 2020
se_all,797,25-07-2020,29 2020,July 2020
se_all,893,26-07-2020,29 2020,July 2020
se_all,1184,27-07-2020,30 2020,July 2020
se_all,1235,28-07-2020,30 2020,July 2020
se_all,1066,29-07-2020,30 2020,July 2020
se_all,1122,30-07-2020,30 2020,July 2020
se_all,966,31-07-2020,30 2020,July 2020
se_all,841,01-08-2020,30 2020,August 2020
se_all,1014,02-08-2020,30 2020,August 2020
se_all,1272,03-08-2020,31 2020,August 2020
se_all,1087,04-08-2020,31 2020,August 2020
se_all,632,05-08-2020,31 2020,August 2020
se_all,683,06-08-2020,31 2020,August 2020
se_all,592,07-08-2020,31 2020,August 2020
se_all,458,08-08-2020,31 2020,August 2020
se_all,542,09-08-2020,31 2020,August 2020
se_all,785,10-08-2020,32 2020,August 2020
se_all,761,11-08-2020,32 2020,August 2020
se_all,668,12-08-2020,32 2020,August 2020
se_all,746,13-08-2020,32 2020,August 2020
se_all,675,14-08-2020,32 2020,August 2020
se_all,597,15-08-2020,32 2020,August 2020
se_all,623,16-08-2020,32 2020,August 2020
se_all,833,17-08-2020,33 2020,August 2020
se_all,742,18-08-2020,33 2020,August 2020
se_all,727,19-08-2020,33 2020,August 2020
se_all,786,20-08-2020,33 2020,August 2020
se_all,660,21-08-2020,33 2020,August 2020
se_all,480,22-08-2020,33 2020,August 2020
se_all,626,23-08-2020,33 2020,August 2020
se_all,855,24-08-2020,34 2020,August 2020
se_all,818,25-08-2020,34 2020,August 2020
se_all,761,26-08-2020,34 2020,August 2020
se_all,728,27-08-2020,34 2020,August 2020
se_all,700,28-08-2020,34 2020,August 2020
se_all,575,29-08-2020,34 2020,August 2020
se_all,678,30-08-2020,34 2020,August 2020
se_all,846,31-08-2020,35 2020,August 2020
se_all,873,01-09-2020,35 2020,September 2020
se_all,864,02-09-2020,35 2020,September 2020
se_all,820,03-09-2020,35 2020,September 2020
se_all,703,04-09-2020,35 2020,September 2020
se_all,643,05-09-2020,35 2020,September 2020
se_all,714,06-09-2020,35 2020,September 2020
se_all,1049,07-09-2020,36 2020,September 2020
se_all,1023,08-09-2020,36 2020,September 2020
se_all,1025,09-09-2020,36 2020,September 2020
se_all,797,10-09-2020,36 2020,September 2020
se_all,382,11-09-2020,36 2020,September 2020
se_all,714,12-09-2020,36 2020,September 2020
se_all,864,13-09-2020,36 2020,September 2020
se_all,1184,14-09-2020,37 2020,September 2020
se_all,1127,15-09-2020,37 2020,September 2020
se_all,1075,16-09-2020,37 2020,September 2020
se_all,1130,17-09-2020,37 2020,September 2020
se_all,969,18-09-2020,37 2020,September 2020
se_all,794,19-09-2020,37 2020,September 2020
se_all,938,20-09-2020,37 2020,September 2020
se_all,1217,21-09-2020,38 2020,September 2020
se_all,1068,22-09-2020,38 2020,September 2020
se_all,1031,23-09-2020,38 2020,September 2020
se_all,955,24-09-2020,38 2020,September 2020
se_all,811,25-09-2020,38 2020,September 2020
se_all,693,26-09-2020,38 2020,September 2020
se_all,841,27-09-2020,38 2020,September 2020
se_all,1097,28-09-2020,39 2020,September 2020
se_all,1062,29-09-2020,39 2020,September 2020
se_all,1077,30-09-2020,39 2020,September 2020
se_all,1027,01-10-2020,39 2020,October 2020
se_all,1001,02-10-2020,39 2020,October 2020
se_all,821,03-10-2020,39 2020,October 2020
se_all,1060,04-10-2020,39 2020,October 2020
se_all,1252,05-10-2020,40 2020,October 2020
se_all,1408,06-10-2020,40 2020,October 2020
se_all,1406,07-10-2020,40 2020,October 2020
se_all,1345,08-10-2020,40 2020,October 2020
se_all,1089,09-10-2020,40 2020,October 2020
se_all,1188,10-10-2020,40 2020,October 2020
se_all,1221,11-10-2020,40 2020,October 2020
se_all,1696,12-10-2020,41 2020,October 2020
se_all,1865,13-10-2020,41 2020,October 2020
se_all,1821,14-10-2020,41 2020,October 2020
se_all,1946,15-10-2020,41 2020,October 2020
se_all,1897,16-10-2020,41 2020,October 2020
se_all,1814,17-10-2020,41 2020,October 2020
se_all,2159,18-10-2020,41 2020,October 2020
se_all,2484,19-10-2020,42 2020,October 2020
se_all,2475,20-10-2020,42 2020,October 2020
se_all,2313,21-10-2020,42 2020,October 2020
se_all,2140,22-10-2020,42 2020,October 2020
se_all,1877,23-10-2020,42 2020,October 2020
se_all,1625,24-10-2020,42 2020,October 2020
se_all,1562,25-10-2020,42 2020,October 2020
se_all,1735,26-10-2020,43 2020,October 2020
se_all,1708,27-10-2020,43 2020,October 2020
se_all,1461,28-10-2020,43 2020,October 2020
se_all,1489,29-10-2020,43 2020,October 2020
se_all,1308,30-10-2020,43 2020,October 2020
se_all,1034,31-10-2020,43 2020,October 2020
se_all,1309,01-11-2020,43 2020,November 2020
se_all,1495,02-11-2020,44 2020,November 2020
se_all,1411,03-11-2020,44 2020,November 2020
se_all,1257,04-11-2020,44 2020,November 2020
se_all,1436,05-11-2020,44 2020,November 2020
se_all,1456,06-11-2020,44 2020,November 2020
se_all,1229,07-11-2020,44 2020,November 2020
se_all,1447,08-11-2020,44 2020,November 2020
se_all,1845,09-11-2020,45 2020,November 2020
se_all,1881,10-11-2020,45 2020,November 2020
se_all,1852,11-11-2020,45 2020,November 2020
se_all,1715,12-11-2020,45 2020,November 2020
se_all,1529,13-11-2020,45 2020,November 2020
se_all,1430,14-11-2020,45 2020,November 2020
se_all,1512,15-11-2020,45 2020,November 2020
se_all,1824,16-11-2020,46 2020,November 2020
se_all,1755,17-11-2020,46 2020,November 2020
se_all,1717,18-11-2020,46 2020,November 2020
se_all,1627,19-11-2020,46 2020,November 2020
se_all,1583,20-11-2020,46 2020,November 2020
se_all,1500,21-11-2020,46 2020,November 2020
se_all,1609,22-11-2020,46 2020,November 2020
se_all,1646,23-11-2020,47 2020,November 2020
se_all,1446,24-11-2020,47 2020,November 2020
se_all,1268,25-11-2020,47 2020,November 2020
se_all,1250,26-11-2020,47 2020,November 2020
se_all,1149,27-11-2020,47 2020,November 2020
se_all,1054,28-11-2020,47 2020,November 2020
se_all,1107,29-11-2020,47 2020,November 2020
se_all,1293,30-11-2020,48 2020,November 2020
se_all,1339,01-12-2020,48 2020,December 2020
se_all,1302,02-12-2020,48 2020,December 2020
se_all,1172,03-12-2020,48 2020,December 2020
se_all,1016,04-12-2020,48 2020,December 2020
se_all,973,05-12-2020,48 2020,December 2020
se_all,1032,06-12-2020,48 2020,December 2020
se_all,1205,07-12-2020,49 2020,December 2020
se_all,1070,08-12-2020,49 2020,December 2020
se_all,1075,09-12-2020,49 2020,December 2020
se_all,1052,10-12-2020,49 2020,December 2020
se_all,1090,11-12-2020,49 2020,December 2020
se_all,981,12-12-2020,49 2020,December 2020
se_all,1008,13-12-2020,49 2020,December 2020
se_all,1119,14-12-2020,50 2020,December 2020
se_all,1055,15-12-2020,50 2020,December 2020
se_all,1621,16-12-2020,50 2020,December 2020
se_all,1769,17-12-2020,50 2020,December 2020
se_all,1749,18-12-2020,50 2020,December 2020
se_all,1694,19-12-2020,50 2020,December 2020
se_all,1640,20-12-2020,50 2020,December 2020
se_all,1955,21-12-2020,51 2020,December 2020
se_all,1673,22-12-2020,51 2020,December 2020
se_all,1736,23-12-2020,51 2020,December 2020
se_all,1757,24-12-2020,51 2020,December 2020
se_all,1714,25-12-2020,51 2020,December 2020
se_all,1600,26-12-2020,51 2020,December 2020
se_all,1813,27-12-2020,51 2020,December 2020
se_all,1809,28-12-2020,52 2020,December 2020
se_all,1634,29-12-2020,52 2020,December 2020
se_all,1412,30-12-2020,52 2020,December 2020
se_all,781,31-12-2020,52 2020,December 2020
yandex,37,2019-01-01,00 2019,January 2019
yandex,61,2019-01-02,00 2019,January 2019
yandex,106,2019-01-03,00 2019,January 2019
yandex,98,2019-01-04,00 2019,January 2019
yandex,64,2019-01-05,00 2019,January 2019
yandex,70,2019-01-06,00 2019,January 2019
yandex,53,2019-01-07,01 2019,January 2019
yandex,71,2019-01-08,01 2019,January 2019
yandex,81,2019-01-09,01 2019,January 2019
yandex,85,2019-01-10,01 2019,January 2019
yandex,77,2019-01-11,01 2019,January 2019
yandex,63,2019-01-12,01 2019,January 2019
yandex,54,2019-01-13,01 2019,January 2019
yandex,87,2019-01-14,02 2019,January 2019
yandex,95,2019-01-15,02 2019,January 2019
yandex,90,2019-01-16,02 2019,January 2019
yandex,76,2019-01-17,02 2019,January 2019
yandex,69,2019-01-18,02 2019,January 2019
yandex,56,2019-01-19,02 2019,January 2019
yandex,57,2019-01-20,02 2019,January 2019
yandex,50,2019-01-21,03 2019,January 2019
yandex,105,2019-01-22,03 2019,January 2019
yandex,82,2019-01-23,03 2019,January 2019
yandex,92,2019-01-24,03 2019,January 2019
yandex,74,2019-01-25,03 2019,January 2019
yandex,56,2019-01-26,03 2019,January 2019
yandex,82,2019-01-27,03 2019,January 2019
yandex,101,2019-01-28,04 2019,January 2019
yandex,90,2019-01-29,04 2019,January 2019
yandex,98,2019-01-30,04 2019,January 2019
yandex,84,2019-01-31,04 2019,January 2019
yandex,79,2019-02-01,04 2019,February 2019
yandex,62,2019-02-02,04 2019,February 2019
yandex,51,2019-02-03,04 2019,February 2019
yandex,80,2019-02-04,05 2019,February 2019
yandex,84,2019-02-05,05 2019,February 2019
yandex,66,2019-02-06,05 2019,February 2019
yandex,62,2019-02-07,05 2019,February 2019
yandex,93,2019-02-08,05 2019,February 2019
yandex,69,2019-02-09,05 2019,February 2019
yandex,82,2019-02-10,05 2019,February 2019
yandex,88,2019-02-11,06 2019,February 2019
yandex,84,2019-02-12,06 2019,February 2019
yandex,44,2019-02-13,06 2019,February 2019
yandex,65,2019-02-14,06 2019,February 2019
yandex,52,2019-02-15,06 2019,February 2019
yandex,52,2019-02-16,06 2019,February 2019
yandex,67,2019-02-17,06 2019,February 2019
yandex,97,2019-02-18,07 2019,February 2019
yandex,75,2019-02-19,07 2019,February 2019
yandex,107,2019-02-20,07 2019,February 2019
yandex,127,2019-02-21,07 2019,February 2019
yandex,60,2019-02-22,07 2019,February 2019
yandex,17,2019-02-23,07 2019,February 2019
yandex,34,2019-02-24,07 2019,February 2019
yandex,39,2019-02-25,08 2019,February 2019
yandex,57,2019-02-26,08 2019,February 2019
yandex,50,2019-02-27,08 2019,February 2019
yandex,70,2019-02-28,08 2019,February 2019
yandex,38,2019-03-01,08 2019,March 2019
yandex,56,2019-03-02,08 2019,March 2019
yandex,48,2019-03-03,08 2019,March 2019
yandex,86,2019-03-04,09 2019,March 2019
yandex,75,2019-03-05,09 2019,March 2019
yandex,75,2019-03-06,09 2019,March 2019
yandex,62,2019-03-07,09 2019,March 2019
yandex,47,2019-03-08,09 2019,March 2019
yandex,59,2019-03-09,09 2019,March 2019
yandex,68,2019-03-10,09 2019,March 2019
yandex,50,2019-03-11,10 2019,March 2019
yandex,72,2019-03-12,10 2019,March 2019
yandex,94,2019-03-13,10 2019,March 2019
yandex,52,2019-03-14,10 2019,March 2019
yandex,57,2019-03-15,10 2019,March 2019
yandex,50,2019-03-16,10 2019,March 2019
yandex,72,2019-03-17,10 2019,March 2019
yandex,89,2019-03-18,11 2019,March 2019
yandex,68,2019-03-19,11 2019,March 2019
yandex,84,2019-03-20,11 2019,March 2019
yandex,94,2019-03-21,11 2019,March 2019
yandex,65,2019-03-22,11 2019,March 2019
yandex,76,2019-03-23,11 2019,March 2019
yandex,101,2019-03-24,11 2019,March 2019
yandex,104,2019-03-25,12 2019,March 2019
yandex,125,2019-03-26,12 2019,March 2019
yandex,107,2019-03-27,12 2019,March 2019
yandex,115,2019-03-28,12 2019,March 2019
yandex,84,2019-03-29,12 2019,March 2019
yandex,76,2019-03-30,12 2019,March 2019
yandex,109,2019-03-31,12 2019,March 2019
yandex,115,2019-04-01,13 2019,April 2019
yandex,143,2019-04-02,13 2019,April 2019
yandex,132,2019-04-03,13 2019,April 2019
yandex,111,2019-04-04,13 2019,April 2019
yandex,89,2019-04-05,13 2019,April 2019
yandex,131,2019-04-06,13 2019,April 2019
yandex,142,2019-04-07,13 2019,April 2019
yandex,190,2019-04-08,14 2019,April 2019
yandex,140,2019-04-09,14 2019,April 2019
yandex,70,2019-04-10,14 2019,April 2019
yandex,103,2019-04-11,14 2019,April 2019
yandex,118,2019-04-12,14 2019,April 2019
yandex,116,2019-04-13,14 2019,April 2019
yandex,122,2019-04-14,14 2019,April 2019
yandex,102,2019-04-15,15 2019,April 2019
yandex,126,2019-04-16,15 2019,April 2019
yandex,106,2019-04-17,15 2019,April 2019
yandex,78,2019-04-18,15 2019,April 2019
yandex,73,2019-04-19,15 2019,April 2019
yandex,73,2019-04-20,15 2019,April 2019
yandex,74,2019-04-21,15 2019,April 2019
yandex,75,2019-04-22,16 2019,April 2019
yandex,92,2019-04-23,16 2019,April 2019
yandex,70,2019-04-24,16 2019,April 2019
yandex,53,2019-04-25,16 2019,April 2019
yandex,61,2019-04-26,16 2019,April 2019
yandex,50,2019-04-27,16 2019,April 2019
yandex,63,2019-04-28,16 2019,April 2019
yandex,67,2019-04-29,17 2019,April 2019
yandex,54,2019-04-30,17 2019,April 2019
yandex,39,2019-05-01,17 2019,May 2019
yandex,68,2019-05-02,17 2019,May 2019
yandex,67,2019-05-03,17 2019,May 2019
yandex,48,2019-05-04,17 2019,May 2019
yandex,46,2019-05-05,17 2019,May 2019
yandex,44,2019-05-06,18 2019,May 2019
yandex,60,2019-05-07,18 2019,May 2019
yandex,56,2019-05-08,18 2019,May 2019
yandex,31,2019-05-09,18 2019,May 2019
yandex,39,2019-05-10,18 2019,May 2019
yandex,43,2019-05-11,18 2019,May 2019
yandex,62,2019-05-12,18 2019,May 2019
yandex,71,2019-05-13,19 2019,May 2019
yandex,60,2019-05-14,19 2019,May 2019
yandex,54,2019-05-15,19 2019,May 2019
yandex,71,2019-05-16,19 2019,May 2019
yandex,72,2019-05-17,19 2019,May 2019
yandex,56,2019-05-18,19 2019,May 2019
yandex,66,2019-05-19,19 2019,May 2019
yandex,76,2019-05-20,20 2019,May 2019
yandex,76,2019-05-21,20 2019,May 2019
yandex,67,2019-05-22,20 2019,May 2019
yandex,54,2019-05-23,20 2019,May 2019
yandex,45,2019-05-24,20 2019,May 2019
yandex,48,2019-05-25,20 2019,May 2019
yandex,71,2019-05-26,20 2019,May 2019
yandex,66,2019-05-27,21 2019,May 2019
yandex,74,2019-05-28,21 2019,May 2019
yandex,51,2019-05-29,21 2019,May 2019
yandex,51,2019-05-30,21 2019,May 2019
yandex,64,2019-05-31,21 2019,May 2019
yandex,36,2019-06-01,21 2019,June 2019
yandex,49,2019-06-02,21 2019,June 2019
yandex,68,2019-06-03,22 2019,June 2019
yandex,58,2019-06-04,22 2019,June 2019
yandex,65,2019-06-05,22 2019,June 2019
yandex,65,2019-06-06,22 2019,June 2019
yandex,48,2019-06-07,22 2019,June 2019
yandex,27,2019-06-08,22 2019,June 2019
yandex,37,2019-06-09,22 2019,June 2019
yandex,68,2019-06-10,23 2019,June 2019
yandex,60,2019-06-11,23 2019,June 2019
yandex,70,2019-06-12,23 2019,June 2019
yandex,68,2019-06-13,23 2019,June 2019
yandex,50,2019-06-14,23 2019,June 2019
yandex,55,2019-06-15,23 2019,June 2019
yandex,53,2019-06-16,23 2019,June 2019
yandex,62,2019-06-17,24 2019,June 2019
yandex,38,2019-06-18,24 2019,June 2019
yandex,28,2019-06-19,24 2019,June 2019
yandex,41,2019-06-20,24 2019,June 2019
yandex,40,2019-06-21,24 2019,June 2019
yandex,51,2019-06-22,24 2019,June 2019
yandex,39,2019-06-23,24 2019,June 2019
yandex,68,2019-06-24,25 2019,June 2019
yandex,80,2019-06-25,25 2019,June 2019
yandex,77,2019-06-26,25 2019,June 2019
yandex,70,2019-06-27,25 2019,June 2019
yandex,64,2019-06-28,25 2019,June 2019
yandex,57,2019-06-29,25 2019,June 2019
yandex,62,2019-06-30,25 2019,June 2019
yandex,72,2019-07-01,26 2019,July 2019
yandex,68,2019-07-02,26 2019,July 2019
yandex,70,2019-07-03,26 2019,July 2019
yandex,77,2019-07-04,26 2019,July 2019
yandex,74,2019-07-05,26 2019,July 2019
yandex,60,2019-07-06,26 2019,July 2019
yandex,61,2019-07-07,26 2019,July 2019
yandex,108,2019-07-08,27 2019,July 2019
yandex,104,2019-07-09,27 2019,July 2019
yandex,125,2019-07-10,27 2019,July 2019
yandex,117,2019-07-11,27 2019,July 2019
yandex,110,2019-07-12,27 2019,July 2019
yandex,80,2019-07-13,27 2019,July 2019
yandex,91,2019-07-14,27 2019,July 2019
yandex,110,2019-07-15,28 2019,July 2019
yandex,120,2019-07-16,28 2019,July 2019
yandex,128,2019-07-17,28 2019,July 2019
yandex,111,2019-07-18,28 2019,July 2019
yandex,82,2019-07-19,28 2019,July 2019
yandex,84,2019-07-20,28 2019,July 2019
yandex,106,2019-07-21,28 2019,July 2019
yandex,144,2019-07-22,29 2019,July 2019
yandex,125,2019-07-23,29 2019,July 2019
yandex,138,2019-07-24,29 2019,July 2019
yandex,104,2019-07-25,29 2019,July 2019
yandex,111,2019-07-26,29 2019,July 2019
yandex,92,2019-07-27,29 2019,July 2019
yandex,103,2019-07-28,29 2019,July 2019
yandex,134,2019-07-29,30 2019,July 2019
yandex,125,2019-07-30,30 2019,July 2019
yandex,162,2019-07-31,30 2019,July 2019
yandex,123,2019-08-01,30 2019,August 2019
yandex,117,2019-08-02,30 2019,August 2019
yandex,88,2019-08-03,30 2019,August 2019
yandex,107,2019-08-04,30 2019,August 2019
yandex,155,2019-08-05,31 2019,August 2019
yandex,149,2019-08-06,31 2019,August 2019
yandex,112,2019-08-07,31 2019,August 2019
yandex,138,2019-08-08,31 2019,August 2019
yandex,132,2019-08-09,31 2019,August 2019
yandex,99,2019-08-10,31 2019,August 2019
yandex,107,2019-08-11,31 2019,August 2019
yandex,176,2019-08-12,32 2019,August 2019
yandex,159,2019-08-13,32 2019,August 2019
yandex,121,2019-08-14,32 2019,August 2019
yandex,119,2019-08-15,32 2019,August 2019
yandex,111,2019-08-16,32 2019,August 2019
yandex,94,2019-08-17,32 2019,August 2019
yandex,120,2019-08-18,32 2019,August 2019
yandex,152,2019-08-19,33 2019,August 2019
yandex,155,2019-08-20,33 2019,August 2019
yandex,146,2019-08-21,33 2019,August 2019
yandex,151,2019-08-22,33 2019,August 2019
yandex,158,2019-08-23,33 2019,August 2019
yandex,111,2019-08-24,33 2019,August 2019
yandex,126,2019-08-25,33 2019,August 2019
yandex,166,2019-08-26,34 2019,August 2019
yandex,204,2019-08-27,34 2019,August 2019
yandex,156,2019-08-28,34 2019,August 2019
yandex,188,2019-08-29,34 2019,August 2019
yandex,111,2019-08-30,34 2019,August 2019
yandex,100,2019-08-31,34 2019,August 2019
yandex,142,2019-09-01,34 2019,September 2019
yandex,188,2019-09-02,35 2019,September 2019
yandex,207,2019-09-03,35 2019,September 2019
yandex,195,2019-09-04,35 2019,September 2019
yandex,237,2019-09-05,35 2019,September 2019
yandex,221,2019-09-06,35 2019,September 2019
yandex,178,2019-09-07,35 2019,September 2019
yandex,202,2019-09-08,35 2019,September 2019
yandex,307,2019-09-09,36 2019,September 2019
yandex,242,2019-09-10,36 2019,September 2019
yandex,262,2019-09-11,36 2019,September 2019
yandex,280,2019-09-12,36 2019,September 2019
yandex,234,2019-09-13,36 2019,September 2019
yandex,227,2019-09-14,36 2019,September 2019
yandex,270,2019-09-15,36 2019,September 2019
yandex,317,2019-09-16,37 2019,September 2019
yandex,305,2019-09-17,37 2019,September 2019
yandex,307,2019-09-18,37 2019,September 2019
yandex,342,2019-09-19,37 2019,September 2019
yandex,299,2019-09-20,37 2019,September 2019
yandex,248,2019-09-21,37 2019,September 2019
yandex,307,2019-09-22,37 2019,September 2019
yandex,443,2019-09-23,38 2019,September 2019
yandex,447,2019-09-24,38 2019,September 2019
yandex,437,2019-09-25,38 2019,September 2019
yandex,420,2019-09-26,38 2019,September 2019
yandex,382,2019-09-27,38 2019,September 2019
yandex,330,2019-09-28,38 2019,September 2019
yandex,424,2019-09-29,38 2019,September 2019
yandex,515,2019-09-30,39 2019,September 2019
yandex,599,2019-10-01,39 2019,October 2019
yandex,559,2019-10-02,39 2019,October 2019
yandex,535,2019-10-03,39 2019,October 2019
yandex,445,2019-10-04,39 2019,October 2019
yandex,360,2019-10-05,39 2019,October 2019
yandex,533,2019-10-06,39 2019,October 2019
yandex,674,2019-10-07,40 2019,October 2019
yandex,618,2019-10-08,40 2019,October 2019
yandex,564,2019-10-09,40 2019,October 2019
yandex,523,2019-10-10,40 2019,October 2019
yandex,440,2019-10-11,40 2019,October 2019
yandex,443,2019-10-12,40 2019,October 2019
yandex,440,2019-10-13,40 2019,October 2019
yandex,529,2019-10-14,41 2019,October 2019
yandex,418,2019-10-15,41 2019,October 2019
yandex,413,2019-10-16,41 2019,October 2019
yandex,402,2019-10-17,41 2019,October 2019
yandex,418,2019-10-18,41 2019,October 2019
yandex,382,2019-10-19,41 2019,October 2019
yandex,388,2019-10-20,41 2019,October 2019
yandex,542,2019-10-21,42 2019,October 2019
yandex,489,2019-10-22,42 2019,October 2019
yandex,474,2019-10-23,42 2019,October 2019
yandex,506,2019-10-24,42 2019,October 2019
yandex,467,2019-10-25,42 2019,October 2019
yandex,488,2019-10-26,42 2019,October 2019
yandex,546,2019-10-27,42 2019,October 2019
yandex,818,2019-10-28,43 2019,October 2019
yandex,837,2019-10-29,43 2019,October 2019
yandex,951,2019-10-30,43 2019,October 2019
yandex,773,2019-10-31,43 2019,October 2019
yandex,668,2019-11-01,43 2019,November 2019
yandex,605,2019-11-02,43 2019,November 2019
yandex,549,2019-11-03,43 2019,November 2019
yandex,510,2019-11-04,44 2019,November 2019
yandex,572,2019-11-05,44 2019,November 2019
yandex,514,2019-11-06,44 2019,November 2019
yandex,412,2019-11-07,44 2019,November 2019
yandex,380,2019-11-08,44 2019,November 2019
yandex,345,2019-11-09,44 2019,November 2019
yandex,370,2019-11-10,44 2019,November 2019
yandex,415,2019-11-11,45 2019,November 2019
yandex,399,2019-11-12,45 2019,November 2019
yandex,492,2019-11-13,45 2019,November 2019
yandex,449,2019-11-14,45 2019,November 2019
yandex,365,2019-11-15,45 2019,November 2019
yandex,336,2019-11-16,45 2019,November 2019
yandex,311,2019-11-17,45 2019,November 2019
yandex,371,2019-11-18,46 2019,November 2019
yandex,394,2019-11-19,46 2019,November 2019
yandex,414,2019-11-20,46 2019,November 2019
yandex,374,2019-11-21,46 2019,November 2019
yandex,312,2019-11-22,46 2019,November 2019
yandex,319,2019-11-23,46 2019,November 2019
yandex,281,2019-11-24,46 2019,November 2019
yandex,372,2019-11-25,47 2019,November 2019
yandex,370,2019-11-26,47 2019,November 2019
yandex,337,2019-11-27,47 2019,November 2019
yandex,389,2019-11-28,47 2019,November 2019
yandex,328,2019-11-29,47 2019,November 2019
yandex,305,2019-11-30,47 2019,November 2019
yandex,325,2019-12-01,47 2019,December 2019
yandex,426,2019-12-02,48 2019,December 2019
yandex,480,2019-12-03,48 2019,December 2019
yandex,441,2019-12-04,48 2019,December 2019
yandex,375,2019-12-05,48 2019,December 2019
yandex,360,2019-12-06,48 2019,December 2019
yandex,241,2019-12-07,48 2019,December 2019
yandex,285,2019-12-08,48 2019,December 2019
yandex,318,2019-12-09,49 2019,December 2019
yandex,285,2019-12-10,49 2019,December 2019
yandex,286,2019-12-11,49 2019,December 2019
yandex,250,2019-12-12,49 2019,December 2019
yandex,259,2019-12-13,49 2019,December 2019
yandex,233,2019-12-14,49 2019,December 2019
yandex,246,2019-12-15,49 2019,December 2019
yandex,311,2019-12-16,50 2019,December 2019
yandex,295,2019-12-17,50 2019,December 2019
yandex,277,2019-12-18,50 2019,December 2019
yandex,260,2019-12-19,50 2019,December 2019
yandex,248,2019-12-20,50 2019,December 2019
yandex,258,2019-12-21,50 2019,December 2019
yandex,239,2019-12-22,50 2019,December 2019
yandex,273,2019-12-23,51 2019,December 2019
yandex,281,2019-12-24,51 2019,December 2019
yandex,244,2019-12-25,51 2019,December 2019
yandex,250,2019-12-26,51 2019,December 2019
yandex,250,2019-12-27,51 2019,December 2019
yandex,239,2019-12-28,51 2019,December 2019
yandex,238,2019-12-29,51 2019,December 2019
yandex,212,2019-12-30,52 2019,December 2019
yandex,164,2019-12-31,52 2019,December 2019
yandex,139,2020-01-01,00 2020,January 2020
yandex,226,2020-01-02,00 2020,January 2020
yandex,280,2020-01-03,00 2020,January 2020
yandex,340,2020-01-04,00 2020,January 2020
yandex,243,2020-01-05,00 2020,January 2020
yandex,286,2020-01-06,01 2020,January 2020
yandex,284,2020-01-07,01 2020,January 2020
yandex,313,2020-01-08,01 2020,January 2020
yandex,376,2020-01-09,01 2020,January 2020
yandex,360,2020-01-10,01 2020,January 2020
yandex,281,2020-01-11,01 2020,January 2020
yandex,370,2020-01-12,01 2020,January 2020
yandex,413,2020-01-13,02 2020,January 2020
yandex,352,2020-01-14,02 2020,January 2020
yandex,355,2020-01-15,02 2020,January 2020
yandex,317,2020-01-16,02 2020,January 2020
yandex,312,2020-01-17,02 2020,January 2020
yandex,252,2020-01-18,02 2020,January 2020
yandex,321,2020-01-19,02 2020,January 2020
yandex,391,2020-01-20,03 2020,January 2020
yandex,352,2020-01-21,03 2020,January 2020
yandex,375,2020-01-22,03 2020,January 2020
yandex,365,2020-01-23,03 2020,January 2020
yandex,322,2020-01-24,03 2020,January 2020
yandex,297,2020-01-25,03 2020,January 2020
yandex,346,2020-01-26,03 2020,January 2020
yandex,340,2020-01-27,04 2020,January 2020
yandex,354,2020-01-28,04 2020,January 2020
yandex,289,2020-01-29,04 2020,January 2020
yandex,323,2020-01-30,04 2020,January 2020
yandex,282,2020-01-31,04 2020,January 2020
yandex,260,2020-02-01,04 2020,February 2020
yandex,258,2020-02-02,04 2020,February 2020
yandex,321,2020-02-03,05 2020,February 2020
yandex,341,2020-02-04,05 2020,February 2020
yandex,325,2020-02-05,05 2020,February 2020
yandex,294,2020-02-06,05 2020,February 2020
yandex,260,2020-02-07,05 2020,February 2020
yandex,245,2020-02-08,05 2020,February 2020
yandex,265,2020-02-09,05 2020,February 2020
yandex,284,2020-02-10,06 2020,February 2020
yandex,272,2020-02-11,06 2020,February 2020
yandex,309,2020-02-12,06 2020,February 2020
yandex,314,2020-02-13,06 2020,February 2020
yandex,291,2020-02-14,06 2020,February 2020
yandex,294,2020-02-15,06 2020,February 2020
yandex,352,2020-02-16,06 2020,February 2020
yandex,445,2020-02-17,07 2020,February 2020
yandex,465,2020-02-18,07 2020,February 2020
yandex,402,2020-02-19,07 2020,February 2020
yandex,427,2020-02-20,07 2020,February 2020
yandex,394,2020-02-21,07 2020,February 2020
yandex,370,2020-02-22,07 2020,February 2020
yandex,251,2020-02-23,07 2020,February 2020
yandex,307,2020-02-24,08 2020,February 2020
yandex,411,2020-02-25,08 2020,February 2020
yandex,415,2020-02-26,08 2020,February 2020
yandex,387,2020-02-27,08 2020,February 2020
yandex,350,2020-02-28,08 2020,February 2020
yandex,371,2020-02-29,08 2020,February 2020
yandex,450,2020-03-01,08 2020,March 2020
yandex,638,2020-03-02,09 2020,March 2020
yandex,682,2020-03-03,09 2020,March 2020
yandex,678,2020-03-04,09 2020,March 2020
yandex,666,2020-03-05,09 2020,March 2020
yandex,546,2020-03-06,09 2020,March 2020
yandex,547,2020-03-07,09 2020,March 2020
yandex,473,2020-03-08,09 2020,March 2020
yandex,735,2020-03-09,10 2020,March 2020
yandex,980,2020-03-10,10 2020,March 2020
yandex,950,2020-03-11,10 2020,March 2020
yandex,871,2020-03-12,10 2020,March 2020
yandex,747,2020-03-13,10 2020,March 2020
yandex,701,2020-03-14,10 2020,March 2020
yandex,693,2020-03-15,10 2020,March 2020
yandex,823,2020-03-16,11 2020,March 2020
yandex,710,2020-03-17,11 2020,March 2020
yandex,576,2020-03-18,11 2020,March 2020
yandex,371,2020-03-19,11 2020,March 2020
yandex,339,2020-03-20,11 2020,March 2020
yandex,312,2020-03-21,11 2020,March 2020
yandex,326,2020-03-22,11 2020,March 2020
yandex,415,2020-03-23,12 2020,March 2020
yandex,419,2020-03-24,12 2020,March 2020
yandex,419,2020-03-25,12 2020,March 2020
yandex,338,2020-03-26,12 2020,March 2020
yandex,302,2020-03-27,12 2020,March 2020
yandex,246,2020-03-28,12 2020,March 2020
yandex,291,2020-03-29,12 2020,March 2020
yandex,245,2020-03-30,13 2020,March 2020
yandex,268,2020-03-31,13 2020,March 2020
yandex,215,2020-04-01,13 2020,April 2020
yandex,330,2020-04-02,13 2020,April 2020
yandex,418,2020-04-03,13 2020,April 2020
yandex,513,2020-04-04,13 2020,April 2020
yandex,552,2020-04-05,13 2020,April 2020
yandex,627,2020-04-06,14 2020,April 2020
yandex,664,2020-04-07,14 2020,April 2020
yandex,689,2020-04-08,14 2020,April 2020
yandex,750,2020-04-09,14 2020,April 2020
yandex,723,2020-04-10,14 2020,April 2020
yandex,594,2020-04-11,14 2020,April 2020
yandex,673,2020-04-12,14 2020,April 2020
yandex,740,2020-04-13,15 2020,April 2020
yandex,659,2020-04-14,15 2020,April 2020
yandex,611,2020-04-15,15 2020,April 2020
yandex,550,2020-04-16,15 2020,April 2020
yandex,468,2020-04-17,15 2020,April 2020
yandex,499,2020-04-18,15 2020,April 2020
yandex,443,2020-04-19,15 2020,April 2020
yandex,618,2020-04-20,16 2020,April 2020
yandex,658,2020-04-21,16 2020,April 2020
yandex,611,2020-04-22,16 2020,April 2020
yandex,527,2020-04-23,16 2020,April 2020
yandex,522,2020-04-24,16 2020,April 2020
yandex,464,2020-04-25,16 2020,April 2020
yandex,497,2020-04-26,16 2020,April 2020
yandex,599,2020-04-27,17 2020,April 2020
yandex,540,2020-04-28,17 2020,April 2020
yandex,525,2020-04-29,17 2020,April 2020
yandex,539,2020-04-30,17 2020,April 2020
yandex,457,2020-05-01,17 2020,May 2020
yandex,406,2020-05-02,17 2020,May 2020
yandex,478,2020-05-03,17 2020,May 2020
yandex,509,2020-05-04,18 2020,May 2020
yandex,551,2020-05-05,18 2020,May 2020
yandex,639,2020-05-06,18 2020,May 2020
yandex,555,2020-05-07,18 2020,May 2020
yandex,457,2020-05-08,18 2020,May 2020
yandex,316,2020-05-09,18 2020,May 2020
yandex,443,2020-05-10,18 2020,May 2020
yandex,564,2020-05-11,19 2020,May 2020
yandex,597,2020-05-12,19 2020,May 2020
yandex,575,2020-05-13,19 2020,May 2020
yandex,547,2020-05-14,19 2020,May 2020
yandex,534,2020-05-15,19 2020,May 2020
yandex,433,2020-05-16,19 2020,May 2020
yandex,453,2020-05-17,19 2020,May 2020
yandex,611,2020-05-18,20 2020,May 2020
yandex,564,2020-05-19,20 2020,May 2020
yandex,599,2020-05-20,20 2020,May 2020
yandex,570,2020-05-21,20 2020,May 2020
yandex,532,2020-05-22,20 2020,May 2020
yandex,528,2020-05-23,20 2020,May 2020
yandex,549,2020-05-24,20 2020,May 2020
yandex,693,2020-05-25,21 2020,May 2020
yandex,571,2020-05-26,21 2020,May 2020
yandex,515,2020-05-27,21 2020,May 2020
yandex,496,2020-05-28,21 2020,May 2020
yandex,387,2020-05-29,21 2020,May 2020
yandex,273,2020-05-30,21 2020,May 2020
yandex,434,2020-05-31,21 2020,May 2020
yandex,531,2020-06-01,22 2020,June 2020
yandex,522,2020-06-02,22 2020,June 2020
yandex,490,2020-06-03,22 2020,June 2020
yandex,432,2020-06-04,22 2020,June 2020
yandex,395,2020-06-05,22 2020,June 2020
yandex,315,2020-06-06,22 2020,June 2020
yandex,372,2020-06-07,22 2020,June 2020
yandex,420,2020-06-08,23 2020,June 2020
yandex,396,2020-06-09,23 2020,June 2020
yandex,360,2020-06-10,23 2020,June 2020
yandex,290,2020-06-11,23 2020,June 2020
yandex,265,2020-06-12,23 2020,June 2020
yandex,238,2020-06-13,23 2020,June 2020
yandex,285,2020-06-14,23 2020,June 2020
yandex,352,2020-06-15,24 2020,June 2020
yandex,347,2020-06-16,24 2020,June 2020
yandex,367,2020-06-17,24 2020,June 2020
yandex,350,2020-06-18,24 2020,June 2020
yandex,342,2020-06-19,24 2020,June 2020
yandex,305,2020-06-20,24 2020,June 2020
yandex,305,2020-06-21,24 2020,June 2020
yandex,467,2020-06-22,25 2020,June 2020
yandex,524,2020-06-23,25 2020,June 2020
yandex,432,2020-06-24,25 2020,June 2020
yandex,567,2020-06-25,25 2020,June 2020
yandex,480,2020-06-26,25 2020,June 2020
yandex,431,2020-06-27,25 2020,June 2020
yandex,459,2020-06-28,25 2020,June 2020
yandex,695,2020-06-29,26 2020,June 2020
yandex,619,2020-06-30,26 2020,June 2020
yandex,642,2020-07-01,26 2020,July 2020
yandex,591,2020-07-02,26 2020,July 2020
yandex,467,2020-07-03,26 2020,July 2020
yandex,455,2020-07-04,26 2020,July 2020
yandex,459,2020-07-05,26 2020,July 2020
yandex,601,2020-07-06,27 2020,July 2020
yandex,580,2020-07-07,27 2020,July 2020
yandex,599,2020-07-08,27 2020,July 2020
yandex,551,2020-07-09,27 2020,July 2020
yandex,449,2020-07-10,27 2020,July 2020
yandex,449,2020-07-11,27 2020,July 2020
yandex,458,2020-07-12,27 2020,July 2020
yandex,852,2020-07-13,28 2020,July 2020
yandex,1024,2020-07-14,28 2020,July 2020
yandex,909,2020-07-15,28 2020,July 2020
yandex,967,2020-07-16,28 2020,July 2020
yandex,939,2020-07-17,28 2020,July 2020
yandex,738,2020-07-18,28 2020,July 2020
yandex,812,2020-07-19,28 2020,July 2020
yandex,1124,2020-07-20,29 2020,July 2020
yandex,1151,2020-07-21,29 2020,July 2020
yandex,1071,2020-07-22,29 2020,July 2020
yandex,1082,2020-07-23,29 2020,July 2020
yandex,980,2020-07-24,29 2020,July 2020
yandex,793,2020-07-25,29 2020,July 2020
yandex,877,2020-07-26,29 2020,July 2020
yandex,1167,2020-07-27,30 2020,July 2020
yandex,1222,2020-07-28,30 2020,July 2020
yandex,1059,2020-07-29,30 2020,July 2020
yandex,1110,2020-07-30,30 2020,July 2020
yandex,948,2020-07-31,30 2020,July 2020
yandex,828,2020-08-01,30 2020,August 2020
yandex,1001,2020-08-02,30 2020,August 2020
yandex,1255,2020-08-03,31 2020,August 2020
yandex,1068,2020-08-04,31 2020,August 2020
yandex,614,2020-08-05,31 2020,August 2020
yandex,674,2020-08-06,31 2020,August 2020
yandex,580,2020-08-07,31 2020,August 2020
yandex,449,2020-08-08,31 2020,August 2020
yandex,531,2020-08-09,31 2020,August 2020
yandex,772,2020-08-10,32 2020,August 2020
yandex,749,2020-08-11,32 2020,August 2020
yandex,651,2020-08-12,32 2020,August 2020
yandex,732,2020-08-13,32 2020,August 2020
yandex,662,2020-08-14,32 2020,August 2020
yandex,588,2020-08-15,32 2020,August 2020
yandex,609,2020-08-16,32 2020,August 2020
yandex,818,2020-08-17,33 2020,August 2020
yandex,731,2020-08-18,33 2020,August 2020
yandex,716,2020-08-19,33 2020,August 2020
yandex,778,2020-08-20,33 2020,August 2020
yandex,646,2020-08-21,33 2020,August 2020
yandex,468,2020-08-22,33 2020,August 2020
yandex,609,2020-08-23,33 2020,August 2020
yandex,846,2020-08-24,34 2020,August 2020
yandex,809,2020-08-25,34 2020,August 2020
yandex,744,2020-08-26,34 2020,August 2020
yandex,715,2020-08-27,34 2020,August 2020
yandex,690,2020-08-28,34 2020,August 2020
yandex,562,2020-08-29,34 2020,August 2020
yandex,664,2020-08-30,34 2020,August 2020
yandex,832,2020-08-31,35 2020,August 2020
yandex,854,2020-09-01,35 2020,September 2020
yandex,845,2020-09-02,35 2020,September 2020
yandex,805,2020-09-03,35 2020,September 2020
yandex,688,2020-09-04,35 2020,September 2020
yandex,635,2020-09-05,35 2020,September 2020
yandex,701,2020-09-06,35 2020,September 2020
yandex,1033,2020-09-07,36 2020,September 2020
yandex,1008,2020-09-08,36 2020,September 2020
yandex,1007,2020-09-09,36 2020,September 2020
yandex,791,2020-09-10,36 2020,September 2020
yandex,378,2020-09-11,36 2020,September 2020
yandex,702,2020-09-12,36 2020,September 2020
yandex,851,2020-09-13,36 2020,September 2020
yandex,1171,2020-09-14,37 2020,September 2020
yandex,1113,2020-09-15,37 2020,September 2020
yandex,1060,2020-09-16,37 2020,September 2020
yandex,1106,2020-09-17,37 2020,September 2020
yandex,948,2020-09-18,37 2020,September 2020
yandex,775,2020-09-19,37 2020,September 2020
yandex,923,2020-09-20,37 2020,September 2020
yandex,1201,2020-09-21,38 2020,September 2020
yandex,1051,2020-09-22,38 2020,September 2020
yandex,1012,2020-09-23,38 2020,September 2020
yandex,943,2020-09-24,38 2020,September 2020
yandex,796,2020-09-25,38 2020,September 2020
yandex,674,2020-09-26,38 2020,September 2020
yandex,824,2020-09-27,38 2020,September 2020
yandex,1075,2020-09-28,39 2020,September 2020
yandex,1039,2020-09-29,39 2020,September 2020
yandex,1060,2020-09-30,39 2020,September 2020
yandex,1011,2020-10-01,39 2020,October 2020
yandex,984,2020-10-02,39 2020,October 2020
yandex,801,2020-10-03,39 2020,October 2020
yandex,1034,2020-10-04,39 2020,October 2020
yandex,1229,2020-10-05,40 2020,October 2020
yandex,1388,2020-10-06,40 2020,October 2020
yandex,1393,2020-10-07,40 2020,October 2020
yandex,1313,2020-10-08,40 2020,October 2020
yandex,1062,2020-10-09,40 2020,October 2020
yandex,1158,2020-10-10,40 2020,October 2020
yandex,1188,2020-10-11,40 2020,October 2020
yandex,1638,2020-10-12,41 2020,October 2020
yandex,1822,2020-10-13,41 2020,October 2020
yandex,1779,2020-10-14,41 2020,October 2020
yandex,1899,2020-10-15,41 2020,October 2020
yandex,1840,2020-10-16,41 2020,October 2020
yandex,1734,2020-10-17,41 2020,October 2020
yandex,2061,2020-10-18,41 2020,October 2020
yandex,2391,2020-10-19,42 2020,October 2020
yandex,2375,2020-10-20,42 2020,October 2020
yandex,2210,2020-10-21,42 2020,October 2020
yandex,2050,2020-10-22,42 2020,October 2020
yandex,1793,2020-10-23,42 2020,October 2020
yandex,1545,2020-10-24,42 2020,October 2020
yandex,1486,2020-10-25,42 2020,October 2020
yandex,1653,2020-10-26,43 2020,October 2020
yandex,1620,2020-10-27,43 2020,October 2020
yandex,1396,2020-10-28,43 2020,October 2020
yandex,1414,2020-10-29,43 2020,October 2020
yandex,1234,2020-10-30,43 2020,October 2020
yandex,999,2020-10-31,43 2020,October 2020
yandex,1235,2020-11-01,43 2020,November 2020
yandex,1438,2020-11-02,44 2020,November 2020
yandex,1352,2020-11-03,44 2020,November 2020
yandex,1208,2020-11-04,44 2020,November 2020
yandex,1373,2020-11-05,44 2020,November 2020
yandex,1386,2020-11-06,44 2020,November 2020
yandex,1165,2020-11-07,44 2020,November 2020
yandex,1363,2020-11-08,44 2020,November 2020
yandex,1750,2020-11-09,45 2020,November 2020
yandex,1800,2020-11-10,45 2020,November 2020
yandex,1771,2020-11-11,45 2020,November 2020
yandex,1644,2020-11-12,45 2020,November 2020
yandex,1469,2020-11-13,45 2020,November 2020
yandex,1368,2020-11-14,45 2020,November 2020
yandex,1436,2020-11-15,45 2020,November 2020
yandex,1742,2020-11-16,46 2020,November 2020
yandex,1666,2020-11-17,46 2020,November 2020
yandex,1633,2020-11-18,46 2020,November 2020
yandex,1550,2020-11-19,46 2020,November 2020
yandex,1487,2020-11-20,46 2020,November 2020
yandex,1433,2020-11-21,46 2020,November 2020
yandex,1531,2020-11-22,46 2020,November 2020
yandex,1573,2020-11-23,47 2020,November 2020
yandex,1388,2020-11-24,47 2020,November 2020
yandex,1210,2020-11-25,47 2020,November 2020
yandex,1194,2020-11-26,47 2020,November 2020
yandex,1087,2020-11-27,47 2020,November 2020
yandex,987,2020-11-28,47 2020,November 2020
yandex,1050,2020-11-29,47 2020,November 2020
yandex,1245,2020-11-30,48 2020,November 2020
yandex,1287,2020-12-01,48 2020,December 2020
yandex,1244,2020-12-02,48 2020,December 2020
yandex,1124,2020-12-03,48 2020,December 2020
yandex,970,2020-12-04,48 2020,December 2020
yandex,941,2020-12-05,48 2020,December 2020
yandex,978,2020-12-06,48 2020,December 2020
yandex,1154,2020-12-07,49 2020,December 2020
yandex,1028,2020-12-08,49 2020,December 2020
yandex,1034,2020-12-09,49 2020,December 2020
yandex,1017,2020-12-10,49 2020,December 2020
yandex,1034,2020-12-11,49 2020,December 2020
yandex,925,2020-12-12,49 2020,December 2020
yandex,971,2020-12-13,49 2020,December 2020
yandex,1075,2020-12-14,50 2020,December 2020
yandex,995,2020-12-15,50 2020,December 2020
yandex,1577,2020-12-16,50 2020,December 2020
yandex,1730,2020-12-17,50 2020,December 2020
yandex,1706,2020-12-18,50 2020,December 2020
yandex,1660,2020-12-19,50 2020,December 2020
yandex,1604,2020-12-20,50 2020,December 2020
yandex,1912,2020-12-21,51 2020,December 2020
yandex,1637,2020-12-22,51 2020,December 2020
yandex,1708,2020-12-23,51 2020,December 2020
yandex,1729,2020-12-24,51 2020,December 2020
yandex,1681,2020-12-25,51 2020,December 2020
yandex,1573,2020-12-26,51 2020,December 2020
yandex,1768,2020-12-27,51 2020,December 2020
yandex,1776,2020-12-28,52 2020,December 2020
yandex,1597,2020-12-29,52 2020,December 2020
yandex,1388,2020-12-30,52 2020,December 2020
yandex,769,2020-12-31,52 2020,December 2020
google,2,2019-01-01,00 2019,January 2019
google,6,2019-01-02,00 2019,January 2019
google,9,2019-01-03,00 2019,January 2019
google,6,2019-01-04,00 2019,January 2019
google,4,2019-01-05,00 2019,January 2019
google,5,2019-01-06,00 2019,January 2019
google,7,2019-01-07,01 2019,January 2019
google,6,2019-01-08,01 2019,January 2019
google,13,2019-01-09,01 2019,January 2019
google,9,2019-01-10,01 2019,January 2019
google,9,2019-01-11,01 2019,January 2019
google,7,2019-01-12,01 2019,January 2019
google,9,2019-01-13,01 2019,January 2019
google,7,2019-01-14,02 2019,January 2019
google,13,2019-01-15,02 2019,January 2019
google,10,2019-01-16,02 2019,January 2019
google,5,2019-01-17,02 2019,January 2019
google,9,2019-01-18,02 2019,January 2019
google,6,2019-01-19,02 2019,January 2019
google,5,2019-01-20,02 2019,January 2019
google,1,2019-01-21,03 2019,January 2019
google,9,2019-01-22,03 2019,January 2019
google,10,2019-01-23,03 2019,January 2019
google,9,2019-01-24,03 2019,January 2019
google,8,2019-01-25,03 2019,January 2019
google,11,2019-01-26,03 2019,January 2019
google,7,2019-01-27,03 2019,January 2019
google,9,2019-01-28,04 2019,January 2019
google,9,2019-01-29,04 2019,January 2019
google,6,2019-01-30,04 2019,January 2019
google,12,2019-01-31,04 2019,January 2019
google,10,2019-02-01,04 2019,February 2019
google,10,2019-02-02,04 2019,February 2019
google,7,2019-02-03,04 2019,February 2019
google,10,2019-02-04,05 2019,February 2019
google,7,2019-02-05,05 2019,February 2019
google,6,2019-02-06,05 2019,February 2019
google,9,2019-02-07,05 2019,February 2019
google,8,2019-02-08,05 2019,February 2019
google,5,2019-02-09,05 2019,February 2019
google,19,2019-02-10,05 2019,February 2019
google,14,2019-02-11,06 2019,February 2019
google,12,2019-02-12,06 2019,February 2019
google,10,2019-02-13,06 2019,February 2019
google,13,2019-02-14,06 2019,February 2019
google,11,2019-02-15,06 2019,February 2019
google,11,2019-02-16,06 2019,February 2019
google,11,2019-02-17,06 2019,February 2019
google,14,2019-02-18,07 2019,February 2019
google,13,2019-02-19,07 2019,February 2019
google,15,2019-02-20,07 2019,February 2019
google,16,2019-02-21,07 2019,February 2019
google,5,2019-02-22,07 2019,February 2019
google,5,2019-02-23,07 2019,February 2019
google,7,2019-02-24,07 2019,February 2019
google,11,2019-02-25,08 2019,February 2019
google,12,2019-02-26,08 2019,February 2019
google,17,2019-02-27,08 2019,February 2019
google,14,2019-02-28,08 2019,February 2019
google,13,2019-03-01,08 2019,March 2019
google,15,2019-03-02,08 2019,March 2019
google,12,2019-03-03,08 2019,March 2019
google,9,2019-03-04,09 2019,March 2019
google,4,2019-03-05,09 2019,March 2019
google,10,2019-03-06,09 2019,March 2019
google,7,2019-03-07,09 2019,March 2019
google,8,2019-03-08,09 2019,March 2019
google,10,2019-03-09,09 2019,March 2019
google,10,2019-03-10,09 2019,March 2019
google,7,2019-03-11,10 2019,March 2019
google,8,2019-03-12,10 2019,March 2019
google,13,2019-03-13,10 2019,March 2019
google,15,2019-03-14,10 2019,March 2019
google,6,2019-03-15,10 2019,March 2019
google,8,2019-03-16,10 2019,March 2019
google,12,2019-03-17,10 2019,March 2019
google,13,2019-03-18,11 2019,March 2019
google,15,2019-03-19,11 2019,March 2019
google,13,2019-03-20,11 2019,March 2019
google,14,2019-03-21,11 2019,March 2019
google,12,2019-03-22,11 2019,March 2019
google,16,2019-03-23,11 2019,March 2019
google,13,2019-03-24,11 2019,March 2019
google,12,2019-03-25,12 2019,March 2019
google,10,2019-03-26,12 2019,March 2019
google,14,2019-03-27,12 2019,March 2019
google,12,2019-03-28,12 2019,March 2019
google,17,2019-03-29,12 2019,March 2019
google,13,2019-03-30,12 2019,March 2019
google,18,2019-03-31,12 2019,March 2019
google,26,2019-04-01,13 2019,April 2019
google,20,2019-04-02,13 2019,April 2019
google,20,2019-04-03,13 2019,April 2019
google,21,2019-04-04,13 2019,April 2019
google,14,2019-04-05,13 2019,April 2019
google,21,2019-04-06,13 2019,April 2019
google,26,2019-04-07,13 2019,April 2019
google,31,2019-04-08,14 2019,April 2019
google,16,2019-04-09,14 2019,April 2019
google,11,2019-04-10,14 2019,April 2019
google,25,2019-04-11,14 2019,April 2019
google,20,2019-04-12,14 2019,April 2019
google,18,2019-04-13,14 2019,April 2019
google,18,2019-04-14,14 2019,April 2019
google,18,2019-04-15,15 2019,April 2019
google,18,2019-04-16,15 2019,April 2019
google,9,2019-04-17,15 2019,April 2019
google,15,2019-04-18,15 2019,April 2019
google,8,2019-04-19,15 2019,April 2019
google,10,2019-04-20,15 2019,April 2019
google,6,2019-04-21,15 2019,April 2019
google,7,2019-04-22,16 2019,April 2019
google,5,2019-04-23,16 2019,April 2019
google,12,2019-04-24,16 2019,April 2019
google,5,2019-04-25,16 2019,April 2019
google,7,2019-04-26,16 2019,April 2019
google,7,2019-04-27,16 2019,April 2019
google,9,2019-04-28,16 2019,April 2019
google,15,2019-04-29,17 2019,April 2019
google,5,2019-04-30,17 2019,April 2019
google,5,2019-05-01,17 2019,May 2019
google,7,2019-05-02,17 2019,May 2019
google,5,2019-05-03,17 2019,May 2019
google,6,2019-05-04,17 2019,May 2019
google,10,2019-05-05,17 2019,May 2019
google,10,2019-05-06,18 2019,May 2019
google,7,2019-05-07,18 2019,May 2019
google,4,2019-05-08,18 2019,May 2019
google,6,2019-05-09,18 2019,May 2019
google,8,2019-05-10,18 2019,May 2019
google,6,2019-05-11,18 2019,May 2019
google,9,2019-05-12,18 2019,May 2019
google,10,2019-05-13,19 2019,May 2019
google,7,2019-05-14,19 2019,May 2019
google,9,2019-05-15,19 2019,May 2019
google,9,2019-05-16,19 2019,May 2019
google,12,2019-05-17,19 2019,May 2019
google,12,2019-05-18,19 2019,May 2019
google,4,2019-05-19,19 2019,May 2019
google,8,2019-05-20,20 2019,May 2019
google,5,2019-05-21,20 2019,May 2019
google,5,2019-05-22,20 2019,May 2019
google,6,2019-05-23,20 2019,May 2019
google,5,2019-05-24,20 2019,May 2019
google,8,2019-05-25,20 2019,May 2019
google,5,2019-05-26,20 2019,May 2019
google,7,2019-05-27,21 2019,May 2019
google,6,2019-05-28,21 2019,May 2019
google,7,2019-05-29,21 2019,May 2019
google,8,2019-05-30,21 2019,May 2019
google,8,2019-05-31,21 2019,May 2019
google,9,2019-06-01,21 2019,June 2019
google,4,2019-06-02,21 2019,June 2019
google,7,2019-06-03,22 2019,June 2019
google,3,2019-06-04,22 2019,June 2019
google,6,2019-06-05,22 2019,June 2019
google,3,2019-06-06,22 2019,June 2019
google,4,2019-06-07,22 2019,June 2019
google,12,2019-06-08,22 2019,June 2019
google,3,2019-06-09,22 2019,June 2019
google,12,2019-06-10,23 2019,June 2019
google,3,2019-06-11,23 2019,June 2019
google,7,2019-06-12,23 2019,June 2019
google,7,2019-06-13,23 2019,June 2019
google,8,2019-06-14,23 2019,June 2019
google,4,2019-06-15,23 2019,June 2019
google,5,2019-06-16,23 2019,June 2019
google,1,2019-06-17,24 2019,June 2019
google,6,2019-06-18,24 2019,June 2019
google,5,2019-06-19,24 2019,June 2019
google,10,2019-06-20,24 2019,June 2019
google,7,2019-06-21,24 2019,June 2019
google,9,2019-06-22,24 2019,June 2019
google,3,2019-06-23,24 2019,June 2019
google,10,2019-06-24,25 2019,June 2019
google,7,2019-06-25,25 2019,June 2019
google,6,2019-06-26,25 2019,June 2019
google,5,2019-06-27,25 2019,June 2019
google,4,2019-06-28,25 2019,June 2019
google,7,2019-06-29,25 2019,June 2019
google,10,2019-06-30,25 2019,June 2019
google,7,2019-07-01,26 2019,July 2019
google,10,2019-07-02,26 2019,July 2019
google,6,2019-07-03,26 2019,July 2019
google,8,2019-07-04,26 2019,July 2019
google,4,2019-07-05,26 2019,July 2019
google,12,2019-07-06,26 2019,July 2019
google,5,2019-07-07,26 2019,July 2019
google,14,2019-07-08,27 2019,July 2019
google,6,2019-07-09,27 2019,July 2019
google,12,2019-07-10,27 2019,July 2019
google,6,2019-07-11,27 2019,July 2019
google,12,2019-07-12,27 2019,July 2019
google,2,2019-07-13,27 2019,July 2019
google,2,2019-07-14,27 2019,July 2019
google,10,2019-07-15,28 2019,July 2019
google,7,2019-07-16,28 2019,July 2019
google,4,2019-07-17,28 2019,July 2019
google,14,2019-07-18,28 2019,July 2019
google,4,2019-07-19,28 2019,July 2019
google,2,2019-07-20,28 2019,July 2019
google,5,2019-07-21,28 2019,July 2019
google,7,2019-07-22,29 2019,July 2019
google,10,2019-07-23,29 2019,July 2019
google,4,2019-07-24,29 2019,July 2019
google,4,2019-07-25,29 2019,July 2019
google,7,2019-07-26,29 2019,July 2019
google,4,2019-07-27,29 2019,July 2019
google,3,2019-07-28,29 2019,July 2019
google,7,2019-07-29,30 2019,July 2019
google,4,2019-07-30,30 2019,July 2019
google,8,2019-07-31,30 2019,July 2019
google,8,2019-08-01,30 2019,August 2019
google,8,2019-08-02,30 2019,August 2019
google,1,2019-08-03,30 2019,August 2019
google,3,2019-08-04,30 2019,August 2019
google,6,2019-08-05,31 2019,August 2019
google,13,2019-08-06,31 2019,August 2019
google,5,2019-08-07,31 2019,August 2019
google,7,2019-08-08,31 2019,August 2019
google,8,2019-08-09,31 2019,August 2019
google,7,2019-08-10,31 2019,August 2019
google,11,2019-08-11,31 2019,August 2019
google,5,2019-08-12,32 2019,August 2019
google,6,2019-08-13,32 2019,August 2019
google,8,2019-08-14,32 2019,August 2019
google,6,2019-08-15,32 2019,August 2019
google,4,2019-08-16,32 2019,August 2019
google,4,2019-08-17,32 2019,August 2019
google,2,2019-08-18,32 2019,August 2019
google,7,2019-08-19,33 2019,August 2019
google,9,2019-08-20,33 2019,August 2019
google,10,2019-08-21,33 2019,August 2019
google,6,2019-08-22,33 2019,August 2019
google,4,2019-08-23,33 2019,August 2019
google,4,2019-08-24,33 2019,August 2019
google,4,2019-08-25,33 2019,August 2019
google,8,2019-08-26,34 2019,August 2019
google,4,2019-08-27,34 2019,August 2019
google,10,2019-08-28,34 2019,August 2019
google,5,2019-08-29,34 2019,August 2019
google,6,2019-08-30,34 2019,August 2019
google,5,2019-08-31,34 2019,August 2019
google,5,2019-09-01,34 2019,September 2019
google,8,2019-09-02,35 2019,September 2019
google,10,2019-09-03,35 2019,September 2019
google,30,2019-09-04,35 2019,September 2019
google,7,2019-09-05,35 2019,September 2019
google,6,2019-09-06,35 2019,September 2019
google,6,2019-09-07,35 2019,September 2019
google,5,2019-09-08,35 2019,September 2019
google,8,2019-09-09,36 2019,September 2019
google,13,2019-09-10,36 2019,September 2019
google,8,2019-09-11,36 2019,September 2019
google,14,2019-09-12,36 2019,September 2019
google,14,2019-09-13,36 2019,September 2019
google,12,2019-09-14,36 2019,September 2019
google,12,2019-09-15,36 2019,September 2019
google,13,2019-09-16,37 2019,September 2019
google,15,2019-09-17,37 2019,September 2019
google,19,2019-09-18,37 2019,September 2019
google,20,2019-09-19,37 2019,September 2019
google,16,2019-09-20,37 2019,September 2019
google,14,2019-09-21,37 2019,September 2019
google,7,2019-09-22,37 2019,September 2019
google,16,2019-09-23,38 2019,September 2019
google,16,2019-09-24,38 2019,September 2019
google,13,2019-09-25,38 2019,September 2019
google,12,2019-09-26,38 2019,September 2019
google,13,2019-09-27,38 2019,September 2019
google,11,2019-09-28,38 2019,September 2019
google,13,2019-09-29,38 2019,September 2019
google,7,2019-09-30,39 2019,September 2019
google,9,2019-10-01,39 2019,October 2019
google,12,2019-10-02,39 2019,October 2019
google,10,2019-10-03,39 2019,October 2019
google,18,2019-10-04,39 2019,October 2019
google,17,2019-10-05,39 2019,October 2019
google,20,2019-10-06,39 2019,October 2019
google,11,2019-10-07,40 2019,October 2019
google,16,2019-10-08,40 2019,October 2019
google,13,2019-10-09,40 2019,October 2019
google,10,2019-10-10,40 2019,October 2019
google,7,2019-10-11,40 2019,October 2019
google,13,2019-10-12,40 2019,October 2019
google,7,2019-10-13,40 2019,October 2019
google,16,2019-10-14,41 2019,October 2019
google,17,2019-10-15,41 2019,October 2019
google,21,2019-10-16,41 2019,October 2019
google,15,2019-10-17,41 2019,October 2019
google,25,2019-10-18,41 2019,October 2019
google,18,2019-10-19,41 2019,October 2019
google,16,2019-10-20,41 2019,October 2019
google,21,2019-10-21,42 2019,October 2019
google,19,2019-10-22,42 2019,October 2019
google,20,2019-10-23,42 2019,October 2019
google,25,2019-10-24,42 2019,October 2019
google,24,2019-10-25,42 2019,October 2019
google,20,2019-10-26,42 2019,October 2019
google,16,2019-10-27,42 2019,October 2019
google,24,2019-10-28,43 2019,October 2019
google,31,2019-10-29,43 2019,October 2019
google,23,2019-10-30,43 2019,October 2019
google,24,2019-10-31,43 2019,October 2019
google,21,2019-11-01,43 2019,November 2019
google,23,2019-11-02,43 2019,November 2019
google,22,2019-11-03,43 2019,November 2019
google,19,2019-11-04,44 2019,November 2019
google,13,2019-11-05,44 2019,November 2019
google,9,2019-11-06,44 2019,November 2019
google,12,2019-11-07,44 2019,November 2019
google,15,2019-11-08,44 2019,November 2019
google,13,2019-11-09,44 2019,November 2019
google,16,2019-11-10,44 2019,November 2019
google,21,2019-11-11,45 2019,November 2019
google,11,2019-11-12,45 2019,November 2019
google,10,2019-11-13,45 2019,November 2019
google,15,2019-11-14,45 2019,November 2019
google,13,2019-11-15,45 2019,November 2019
google,12,2019-11-16,45 2019,November 2019
google,9,2019-11-17,45 2019,November 2019
google,12,2019-11-18,46 2019,November 2019
google,16,2019-11-19,46 2019,November 2019
google,15,2019-11-20,46 2019,November 2019
google,14,2019-11-21,46 2019,November 2019
google,10,2019-11-22,46 2019,November 2019
google,14,2019-11-23,46 2019,November 2019
google,11,2019-11-24,46 2019,November 2019
google,16,2019-11-25,47 2019,November 2019
google,16,2019-11-26,47 2019,November 2019
google,15,2019-11-27,47 2019,November 2019
google,24,2019-11-28,47 2019,November 2019
google,21,2019-11-29,47 2019,November 2019
google,12,2019-11-30,47 2019,November 2019
google,13,2019-12-01,47 2019,December 2019
google,22,2019-12-02,48 2019,December 2019
google,12,2019-12-03,48 2019,December 2019
google,22,2019-12-04,48 2019,December 2019
google,15,2019-12-05,48 2019,December 2019
google,16,2019-12-06,48 2019,December 2019
google,7,2019-12-07,48 2019,December 2019
google,7,2019-12-08,48 2019,December 2019
google,13,2019-12-09,49 2019,December 2019
google,15,2019-12-10,49 2019,December 2019
google,12,2019-12-11,49 2019,December 2019
google,7,2019-12-12,49 2019,December 2019
google,11,2019-12-13,49 2019,December 2019
google,7,2019-12-14,49 2019,December 2019
google,9,2019-12-15,49 2019,December 2019
google,15,2019-12-16,50 2019,December 2019
google,13,2019-12-17,50 2019,December 2019
google,8,2019-12-18,50 2019,December 2019
google,10,2019-12-19,50 2019,December 2019
google,6,2019-12-20,50 2019,December 2019
google,11,2019-12-21,50 2019,December 2019
google,4,2019-12-22,50 2019,December 2019
google,8,2019-12-23,51 2019,December 2019
google,3,2019-12-24,51 2019,December 2019
google,5,2019-12-25,51 2019,December 2019
google,8,2019-12-26,51 2019,December 2019
google,3,2019-12-27,51 2019,December 2019
google,1,2019-12-28,51 2019,December 2019
google,0,2019-12-29,51 2019,December 2019
google,2,2019-12-30,52 2019,December 2019
google,0,2019-12-31,52 2019,December 2019
google,0,2020-01-01,00 2020,January 2020
google,0,2020-01-02,00 2020,January 2020
google,2,2020-01-03,00 2020,January 2020
google,0,2020-01-04,00 2020,January 2020
google,0,2020-01-05,00 2020,January 2020
google,0,2020-01-06,01 2020,January 2020
google,1,2020-01-07,01 2020,January 2020
google,2,2020-01-08,01 2020,January 2020
google,1,2020-01-09,01 2020,January 2020
google,1,2020-01-10,01 2020,January 2020
google,2,2020-01-11,01 2020,January 2020
google,2,2020-01-12,01 2020,January 2020
google,4,2020-01-13,02 2020,January 2020
google,2,2020-01-14,02 2020,January 2020
google,1,2020-01-15,02 2020,January 2020
google,2,2020-01-16,02 2020,January 2020
google,3,2020-01-17,02 2020,January 2020
google,2,2020-01-18,02 2020,January 2020
google,3,2020-01-19,02 2020,January 2020
google,4,2020-01-20,03 2020,January 2020
google,4,2020-01-21,03 2020,January 2020
google,3,2020-01-22,03 2020,January 2020
google,5,2020-01-23,03 2020,January 2020
google,2,2020-01-24,03 2020,January 2020
google,4,2020-01-25,03 2020,January 2020
google,4,2020-01-26,03 2020,January 2020
google,4,2020-01-27,04 2020,January 2020
google,5,2020-01-28,04 2020,January 2020
google,7,2020-01-29,04 2020,January 2020
google,1,2020-01-30,04 2020,January 2020
google,2,2020-01-31,04 2020,January 2020
google,5,2020-02-01,04 2020,February 2020
google,3,2020-02-02,04 2020,February 2020
google,3,2020-02-03,05 2020,February 2020
google,2,2020-02-04,05 2020,February 2020
google,4,2020-02-05,05 2020,February 2020
google,4,2020-02-06,05 2020,February 2020
google,3,2020-02-07,05 2020,February 2020
google,0,2020-02-08,05 2020,February 2020
google,5,2020-02-09,05 2020,February 2020
google,6,2020-02-10,06 2020,February 2020
google,4,2020-02-11,06 2020,February 2020
google,3,2020-02-12,06 2020,February 2020
google,4,2020-02-13,06 2020,February 2020
google,3,2020-02-14,06 2020,February 2020
google,3,2020-02-15,06 2020,February 2020
google,3,2020-02-16,06 2020,February 2020
google,6,2020-02-17,07 2020,February 2020
google,2,2020-02-18,07 2020,February 2020
google,3,2020-02-19,07 2020,February 2020
google,3,2020-02-20,07 2020,February 2020
google,3,2020-02-21,07 2020,February 2020
google,4,2020-02-22,07 2020,February 2020
google,1,2020-02-23,07 2020,February 2020
google,3,2020-02-24,08 2020,February 2020
google,0,2020-02-25,08 2020,February 2020
google,5,2020-02-26,08 2020,February 2020
google,2,2020-02-27,08 2020,February 2020
google,3,2020-02-28,08 2020,February 2020
google,1,2020-02-29,08 2020,February 2020
google,1,2020-03-01,08 2020,March 2020
google,0,2020-03-02,09 2020,March 2020
google,6,2020-03-03,09 2020,March 2020
google,1,2020-03-04,09 2020,March 2020
google,2,2020-03-05,09 2020,March 2020
google,3,2020-03-06,09 2020,March 2020
google,3,2020-03-07,09 2020,March 2020
google,3,2020-03-08,09 2020,March 2020
google,2,2020-03-09,10 2020,March 2020
google,3,2020-03-10,10 2020,March 2020
google,8,2020-03-11,10 2020,March 2020
google,3,2020-03-12,10 2020,March 2020
google,5,2020-03-13,10 2020,March 2020
google,3,2020-03-14,10 2020,March 2020
google,2,2020-03-15,10 2020,March 2020
google,2,2020-03-16,11 2020,March 2020
google,1,2020-03-17,11 2020,March 2020
google,3,2020-03-18,11 2020,March 2020
google,1,2020-03-19,11 2020,March 2020
google,8,2020-03-20,11 2020,March 2020
google,3,2020-03-21,11 2020,March 2020
google,3,2020-03-22,11 2020,March 2020
google,8,2020-03-23,12 2020,March 2020
google,7,2020-03-24,12 2020,March 2020
google,6,2020-03-25,12 2020,March 2020
google,2,2020-03-26,12 2020,March 2020
google,3,2020-03-27,12 2020,March 2020
google,2,2020-03-28,12 2020,March 2020
google,5,2020-03-29,12 2020,March 2020
google,6,2020-03-30,13 2020,March 2020
google,6,2020-03-31,13 2020,March 2020
google,4,2020-04-01,13 2020,April 2020
google,2,2020-04-02,13 2020,April 2020
google,4,2020-04-03,13 2020,April 2020
google,4,2020-04-04,13 2020,April 2020
google,3,2020-04-05,13 2020,April 2020
google,3,2020-04-06,14 2020,April 2020
google,6,2020-04-07,14 2020,April 2020
google,5,2020-04-08,14 2020,April 2020
google,11,2020-04-09,14 2020,April 2020
google,4,2020-04-10,14 2020,April 2020
google,2,2020-04-11,14 2020,April 2020
google,9,2020-04-12,14 2020,April 2020
google,8,2020-04-13,15 2020,April 2020
google,8,2020-04-14,15 2020,April 2020
google,0,2020-04-15,15 2020,April 2020
google,7,2020-04-16,15 2020,April 2020
google,3,2020-04-17,15 2020,April 2020
google,5,2020-04-18,15 2020,April 2020
google,8,2020-04-19,15 2020,April 2020
google,4,2020-04-20,16 2020,April 2020
google,7,2020-04-21,16 2020,April 2020
google,3,2020-04-22,16 2020,April 2020
google,9,2020-04-23,16 2020,April 2020
google,7,2020-04-24,16 2020,April 2020
google,8,2020-04-25,16 2020,April 2020
google,7,2020-04-26,16 2020,April 2020
google,9,2020-04-27,17 2020,April 2020
google,0,2020-04-28,17 2020,April 2020
google,4,2020-04-29,17 2020,April 2020
google,3,2020-04-30,17 2020,April 2020
google,2,2020-05-01,17 2020,May 2020
google,7,2020-05-02,17 2020,May 2020
google,1,2020-05-03,17 2020,May 2020
google,5,2020-05-04,18 2020,May 2020
google,5,2020-05-05,18 2020,May 2020
google,8,2020-05-06,18 2020,May 2020
google,15,2020-05-07,18 2020,May 2020
google,5,2020-05-08,18 2020,May 2020
google,2,2020-05-09,18 2020,May 2020
google,8,2020-05-10,18 2020,May 2020
google,4,2020-05-11,19 2020,May 2020
google,5,2020-05-12,19 2020,May 2020
google,11,2020-05-13,19 2020,May 2020
google,4,2020-05-14,19 2020,May 2020
google,6,2020-05-15,19 2020,May 2020
google,7,2020-05-16,19 2020,May 2020
google,5,2020-05-17,19 2020,May 2020
google,8,2020-05-18,20 2020,May 2020
google,6,2020-05-19,20 2020,May 2020
google,8,2020-05-20,20 2020,May 2020
google,7,2020-05-21,20 2020,May 2020
google,10,2020-05-22,20 2020,May 2020
google,2,2020-05-23,20 2020,May 2020
google,4,2020-05-24,20 2020,May 2020
google,4,2020-05-25,21 2020,May 2020
google,3,2020-05-26,21 2020,May 2020
google,8,2020-05-27,21 2020,May 2020
google,5,2020-05-28,21 2020,May 2020
google,6,2020-05-29,21 2020,May 2020
google,3,2020-05-30,21 2020,May 2020
google,2,2020-05-31,21 2020,May 2020
google,7,2020-06-01,22 2020,June 2020
google,13,2020-06-02,22 2020,June 2020
google,5,2020-06-03,22 2020,June 2020
google,10,2020-06-04,22 2020,June 2020
google,4,2020-06-05,22 2020,June 2020
google,8,2020-06-06,22 2020,June 2020
google,10,2020-06-07,22 2020,June 2020
google,7,2020-06-08,23 2020,June 2020
google,9,2020-06-09,23 2020,June 2020
google,11,2020-06-10,23 2020,June 2020
google,9,2020-06-11,23 2020,June 2020
google,5,2020-06-12,23 2020,June 2020
google,5,2020-06-13,23 2020,June 2020
google,10,2020-06-14,23 2020,June 2020
google,8,2020-06-15,24 2020,June 2020
google,12,2020-06-16,24 2020,June 2020
google,5,2020-06-17,24 2020,June 2020
google,3,2020-06-18,24 2020,June 2020
google,2,2020-06-19,24 2020,June 2020
google,6,2020-06-20,24 2020,June 2020
google,10,2020-06-21,24 2020,June 2020
google,8,2020-06-22,25 2020,June 2020
google,6,2020-06-23,25 2020,June 2020
google,7,2020-06-24,25 2020,June 2020
google,9,2020-06-25,25 2020,June 2020
google,7,2020-06-26,25 2020,June 2020
google,6,2020-06-27,25 2020,June 2020
google,6,2020-06-28,25 2020,June 2020
google,8,2020-06-29,26 2020,June 2020
google,6,2020-06-30,26 2020,June 2020
google,13,2020-07-01,26 2020,July 2020
google,17,2020-07-02,26 2020,July 2020
google,5,2020-07-03,26 2020,July 2020
google,7,2020-07-04,26 2020,July 2020
google,8,2020-07-05,26 2020,July 2020
google,14,2020-07-06,27 2020,July 2020
google,12,2020-07-07,27 2020,July 2020
google,23,2020-07-08,27 2020,July 2020
google,7,2020-07-09,27 2020,July 2020
google,11,2020-07-10,27 2020,July 2020
google,12,2020-07-11,27 2020,July 2020
google,10,2020-07-12,27 2020,July 2020
google,10,2020-07-13,28 2020,July 2020
google,14,2020-07-14,28 2020,July 2020
google,11,2020-07-15,28 2020,July 2020
google,13,2020-07-16,28 2020,July 2020
google,3,2020-07-17,28 2020,July 2020
google,12,2020-07-18,28 2020,July 2020
google,7,2020-07-19,28 2020,July 2020
google,15,2020-07-20,29 2020,July 2020
google,13,2020-07-21,29 2020,July 2020
google,21,2020-07-22,29 2020,July 2020
google,8,2020-07-23,29 2020,July 2020
google,13,2020-07-24,29 2020,July 2020
google,2,2020-07-25,29 2020,July 2020
google,14,2020-07-26,29 2020,July 2020
google,12,2020-07-27,30 2020,July 2020
google,9,2020-07-28,30 2020,July 2020
google,5,2020-07-29,30 2020,July 2020
google,9,2020-07-30,30 2020,July 2020
google,9,2020-07-31,30 2020,July 2020
google,7,2020-08-01,30 2020,August 2020
google,9,2020-08-02,30 2020,August 2020
google,11,2020-08-03,31 2020,August 2020
google,14,2020-08-04,31 2020,August 2020
google,16,2020-08-05,31 2020,August 2020
google,7,2020-08-06,31 2020,August 2020
google,10,2020-08-07,31 2020,August 2020
google,9,2020-08-08,31 2020,August 2020
google,8,2020-08-09,31 2020,August 2020
google,9,2020-08-10,32 2020,August 2020
google,12,2020-08-11,32 2020,August 2020
google,11,2020-08-12,32 2020,August 2020
google,9,2020-08-13,32 2020,August 2020
google,8,2020-08-14,32 2020,August 2020
google,9,2020-08-15,32 2020,August 2020
google,11,2020-08-16,32 2020,August 2020
google,10,2020-08-17,33 2020,August 2020
google,8,2020-08-18,33 2020,August 2020
google,7,2020-08-19,33 2020,August 2020
google,5,2020-08-20,33 2020,August 2020
google,11,2020-08-21,33 2020,August 2020
google,9,2020-08-22,33 2020,August 2020
google,10,2020-08-23,33 2020,August 2020
google,9,2020-08-24,34 2020,August 2020
google,9,2020-08-25,34 2020,August 2020
google,15,2020-08-26,34 2020,August 2020
google,8,2020-08-27,34 2020,August 2020
google,9,2020-08-28,34 2020,August 2020
google,10,2020-08-29,34 2020,August 2020
google,9,2020-08-30,34 2020,August 2020
google,13,2020-08-31,35 2020,August 2020
google,12,2020-09-01,35 2020,September 2020
google,15,2020-09-02,35 2020,September 2020
google,11,2020-09-03,35 2020,September 2020
google,13,2020-09-04,35 2020,September 2020
google,6,2020-09-05,35 2020,September 2020
google,12,2020-09-06,35 2020,September 2020
google,9,2020-09-07,36 2020,September 2020
google,12,2020-09-08,36 2020,September 2020
google,15,2020-09-09,36 2020,September 2020
google,4,2020-09-10,36 2020,September 2020
google,2,2020-09-11,36 2020,September 2020
google,8,2020-09-12,36 2020,September 2020
google,11,2020-09-13,36 2020,September 2020
google,12,2020-09-14,37 2020,September 2020
google,8,2020-09-15,37 2020,September 2020
google,11,2020-09-16,37 2020,September 2020
google,13,2020-09-17,37 2020,September 2020
google,13,2020-09-18,37 2020,September 2020
google,11,2020-09-19,37 2020,September 2020
google,8,2020-09-20,37 2020,September 2020
google,14,2020-09-21,38 2020,September 2020
google,12,2020-09-22,38 2020,September 2020
google,16,2020-09-23,38 2020,September 2020
google,5,2020-09-24,38 2020,September 2020
google,13,2020-09-25,38 2020,September 2020
google,13,2020-09-26,38 2020,September 2020
google,13,2020-09-27,38 2020,September 2020
google,15,2020-09-28,39 2020,September 2020
google,20,2020-09-29,39 2020,September 2020
google,14,2020-09-30,39 2020,September 2020
google,14,2020-10-01,39 2020,October 2020
google,14,2020-10-02,39 2020,October 2020
google,14,2020-10-03,39 2020,October 2020
google,19,2020-10-04,39 2020,October 2020
google,20,2020-10-05,40 2020,October 2020
google,18,2020-10-06,40 2020,October 2020
google,9,2020-10-07,40 2020,October 2020
google,27,2020-10-08,40 2020,October 2020
google,24,2020-10-09,40 2020,October 2020
google,26,2020-10-10,40 2020,October 2020
google,28,2020-10-11,40 2020,October 2020
google,46,2020-10-12,41 2020,October 2020
google,38,2020-10-13,41 2020,October 2020
google,32,2020-10-14,41 2020,October 2020
google,43,2020-10-15,41 2020,October 2020
google,54,2020-10-16,41 2020,October 2020
google,75,2020-10-17,41 2020,October 2020
google,89,2020-10-18,41 2020,October 2020
google,85,2020-10-19,42 2020,October 2020
google,92,2020-10-20,42 2020,October 2020
google,91,2020-10-21,42 2020,October 2020
google,80,2020-10-22,42 2020,October 2020
google,75,2020-10-23,42 2020,October 2020
google,73,2020-10-24,42 2020,October 2020
google,72,2020-10-25,42 2020,October 2020
google,72,2020-10-26,43 2020,October 2020
google,83,2020-10-27,43 2020,October 2020
google,58,2020-10-28,43 2020,October 2020
google,72,2020-10-29,43 2020,October 2020
google,68,2020-10-30,43 2020,October 2020
google,33,2020-10-31,43 2020,October 2020
google,69,2020-11-01,43 2020,November 2020
google,56,2020-11-02,44 2020,November 2020
google,55,2020-11-03,44 2020,November 2020
google,44,2020-11-04,44 2020,November 2020
google,55,2020-11-05,44 2020,November 2020
google,59,2020-11-06,44 2020,November 2020
google,58,2020-11-07,44 2020,November 2020
google,74,2020-11-08,44 2020,November 2020
google,87,2020-11-09,45 2020,November 2020
google,77,2020-11-10,45 2020,November 2020
google,77,2020-11-11,45 2020,November 2020
google,67,2020-11-12,45 2020,November 2020
google,55,2020-11-13,45 2020,November 2020
google,57,2020-11-14,45 2020,November 2020
google,71,2020-11-15,45 2020,November 2020
google,80,2020-11-16,46 2020,November 2020
google,78,2020-11-17,46 2020,November 2020
google,82,2020-11-18,46 2020,November 2020
google,70,2020-11-19,46 2020,November 2020
google,93,2020-11-20,46 2020,November 2020
google,66,2020-11-21,46 2020,November 2020
google,66,2020-11-22,46 2020,November 2020
google,69,2020-11-23,47 2020,November 2020
google,53,2020-11-24,47 2020,November 2020
google,54,2020-11-25,47 2020,November 2020
google,51,2020-11-26,47 2020,November 2020
google,59,2020-11-27,47 2020,November 2020
google,61,2020-11-28,47 2020,November 2020
google,54,2020-11-29,47 2020,November 2020
google,42,2020-11-30,48 2020,November 2020
google,45,2020-12-01,48 2020,December 2020
google,55,2020-12-02,48 2020,December 2020
google,45,2020-12-03,48 2020,December 2020
google,44,2020-12-04,48 2020,December 2020
google,30,2020-12-05,48 2020,December 2020
google,53,2020-12-06,48 2020,December 2020
google,46,2020-12-07,49 2020,December 2020
google,38,2020-12-08,49 2020,December 2020
google,39,2020-12-09,49 2020,December 2020
google,34,2020-12-10,49 2020,December 2020
google,50,2020-12-11,49 2020,December 2020
google,51,2020-12-12,49 2020,December 2020
google,35,2020-12-13,49 2020,December 2020
google,42,2020-12-14,50 2020,December 2020
google,59,2020-12-15,50 2020,December 2020
google,38,2020-12-16,50 2020,December 2020
google,34,2020-12-17,50 2020,December 2020
google,35,2020-12-18,50 2020,December 2020
google,28,2020-12-19,50 2020,December 2020
google,30,2020-12-20,50 2020,December 2020
google,37,2020-12-21,51 2020,December 2020
google,29,2020-12-22,51 2020,December 2020
google,23,2020-12-23,51 2020,December 2020
google,18,2020-12-24,51 2020,December 2020
google,32,2020-12-25,51 2020,December 2020
google,24,2020-12-26,51 2020,December 2020
google,39,2020-12-27,51 2020,December 2020
google,28,2020-12-28,52 2020,December 2020
google,32,2020-12-29,52 2020,December 2020
google,21,2020-12-30,52 2020,December 2020
google,11,2020-12-31,52 2020,December 2020
